{"1": {"time": 39.00754380226135, "success": false, "nb_of_kicks": 2, "ballPos": [-2.472970688650639, -2.0729420958057885], "ballPossession": 12.683315753936768}, "2": {"time": 37.65122437477112, "success": false, "nb_of_kicks": 2, "ballPos": [-4.17841443943169, 1.046389967485099], "ballPossession": 36.930094480514526}, "3": {"time": 51.349812507629395, "success": false, "nb_of_kicks": 2, "ballPos": [1.5375511627690788, 0.3997548005790366], "ballPossession": 2.148059129714966}, "4": {"time": 40.10453987121582, "success": false, "nb_of_kicks": 2, "ballPos": [-0.6815196988332536, -2.58080059142564], "ballPossession": 5.3226025104522705}, "5": {"time": 12.791357040405273, "success": true, "nb_of_kicks": 2, "ballPos": [1.9677543524854653, 2.4620320991556235], "ballPossession": 12.780471086502075}, "6": {"time": 8.876902341842651, "success": true, "nb_of_kicks": 2, "ballPos": [0.9831008021221845, 0.8529752816043822], "ballPossession": 8.864166021347046}, "7": {"time": 64.66259527206421, "success": false, "nb_of_kicks": 2, "ballPos": [-1.2702688466631415, -0.4910874200658508], "ballPossession": 15.771594047546387}, "8": {"time": 13.889770269393921, "success": true, "nb_of_kicks": 2, "ballPos": [0.6250010481293217, -0.11080134255385166], "ballPossession": 13.889770269393921}, "9": {"time": 50.216123819351196, "success": false, "nb_of_kicks": 2, "ballPos": [-0.45966405609901473, 2.1388638133386286], "ballPossession": 3.6710174083709717}, "10": {"time": 57.216038942337036, "success": true, "nb_of_kicks": 3, "ballPos": [-0.794327801378776, 0.6258341062201165], "ballPossession": 57.216038942337036}, "11": {"time": 22.767616987228394, "success": true, "nb_of_kicks": 3, "ballPos": [0.5330782363802751, 2.000434377215013], "ballPossession": 22.767616987228394}, "12": {"time": 9.77373480796814, "success": true, "nb_of_kicks": 2, "ballPos": [3.467025407871817, -0.4870321970993485], "ballPossession": 9.761857271194458}, "13": {"time": 64.36570858955383, "success": false, "nb_of_kicks": 2, "ballPos": [-0.7583872934147374, -3.068852583506731], "ballPossession": 18.445168018341064}, "14": {"time": 3.570690631866455, "success": true, "nb_of_kicks": 2, "ballPos": [2.0794399116836453, 2.6296191922312344], "ballPossession": 3.5510222911834717}, "15": {"time": 40.52971363067627, "success": false, "nb_of_kicks": 2, "ballPos": [-1.8100785339268533, 2.9575772799084725], "ballPossession": 22.05690574645996}, "16": {"time": 33.65386152267456, "success": false, "nb_of_kicks": 2, "ballPos": [-3.506180891022885, -1.4705478578588513], "ballPossession": 3.9174017906188965}, "17": {"time": 17.61380434036255, "success": true, "nb_of_kicks": 2, "ballPos": [3.0437838843404674, 0.43358470809053695], "ballPossession": 17.606910705566406}, "18": {"time": 47.48185896873474, "success": true, "nb_of_kicks": 3, "ballPos": [-1.2411128994881524, 2.783049175352687], "ballPossession": 46.5983452796936}, "19": {"time": 12.605767250061035, "success": true, "nb_of_kicks": 3, "ballPos": [-0.5541679302470075, 0.944586572168113], "ballPossession": 12.605767250061035}, "20": {"time": 62.38436031341553, "success": false, "nb_of_kicks": 2, "ballPos": [1.8940070942558573, -2.530815283187107], "ballPossession": 16.907186031341553}, "21": {"time": 3.441911220550537, "success": true, "nb_of_kicks": 2, "ballPos": [1.9168441981346922, 2.546667775994649], "ballPossession": 3.436695098876953}, "22": {"time": 51.66179442405701, "success": false, "nb_of_kicks": 2, "ballPos": [-3.285451343722269, -1.0279958308130137], "ballPossession": 13.535369157791138}, "23": {"time": 3.993726968765259, "success": true, "nb_of_kicks": 2, "ballPos": [2.051744359955756, -2.4328128493270493], "ballPossession": 3.9857122898101807}, "24": {"time": 11.291687965393066, "success": true, "nb_of_kicks": 2, "ballPos": [2.659411171536439, -2.3049876941344776], "ballPossession": 10.991786479949951}, "25": {"time": 35.75144290924072, "success": false, "nb_of_kicks": 2, "ballPos": [-4.29694184938885, -2.208090235411202], "ballPossession": 9.089155435562134}, "26": {"time": 97.77315258979797, "success": false, "nb_of_kicks": 3, "ballPos": [-4.22529042596566, 1.6915038106229903], "ballPossession": 29.389598846435547}, "27": {"time": 7.0813398361206055, "success": false, "nb_of_kicks": 1, "ballPos": [-1.9222198790123897, -2.782655988266364], "ballPossession": 3.299665927886963}, "28": {"time": 17.6561279296875, "success": true, "nb_of_kicks": 2, "ballPos": [4.187415693710628, -1.5920052258415416], "ballPossession": 17.651349544525146}, "29": {"time": 111.03017973899841, "success": false, "nb_of_kicks": 3, "ballPos": [-3.4868463247548567, 2.925363265784587], "ballPossession": 48.602238178253174}, "30": {"time": 4.399632930755615, "success": true, "nb_of_kicks": 2, "ballPos": [4.1974818423869955, 0.32140829830432815], "ballPossession": 4.3893983364105225}, "31": {"time": 93.34088730812073, "success": false, "nb_of_kicks": 3, "ballPos": [-3.965630502678051, -2.9716577534641466], "ballPossession": 40.10338473320007}, "32": {"time": 39.2408971786499, "success": false, "nb_of_kicks": 2, "ballPos": [0.018431754667489614, -2.5660789312236187], "ballPossession": 3.532498836517334}, "33": {"time": 75.7839503288269, "success": false, "nb_of_kicks": 1, "ballPos": [4.4839590473053565, 2.1545191704454103], "ballPossession": 63.864569902420044}, "34": {"time": 48.94677782058716, "success": true, "nb_of_kicks": 3, "ballPos": [-0.4908372809420467, -0.9009734376872534], "ballPossession": 48.93971133232117}, "35": {"time": 16.255117654800415, "success": true, "nb_of_kicks": 3, "ballPos": [-5.619967009679039e-06, -1.6045806888090934], "ballPossession": 16.24226450920105}, "36": {"time": 3.5292508602142334, "success": true, "nb_of_kicks": 2, "ballPos": [2.2567813624829896, -1.586385643933383], "ballPossession": 3.5292508602142334}, "37": {"time": 8.107509136199951, "success": true, "nb_of_kicks": 2, "ballPos": [3.9687145192327855, -1.828532668938981], "ballPossession": 8.10209608078003}, "38": {"time": 53.23079562187195, "success": false, "nb_of_kicks": 2, "ballPos": [-3.706159921938353, -1.136594305307901], "ballPossession": 3.131547212600708}, "39": {"time": 25.90799880027771, "success": false, "nb_of_kicks": 2, "ballPos": [-1.66571464285971, -2.7628517899099103], "ballPossession": 6.341192007064819}, "40": {"time": 3.9727230072021484, "success": true, "nb_of_kicks": 2, "ballPos": [0.7510951285549509, -0.24234210212194765], "ballPossession": 3.9607760906219482}, "41": {"time": 62.80109453201294, "success": false, "nb_of_kicks": 2, "ballPos": [-2.3039203166902604, -2.8233146045554576], "ballPossession": 3.663116216659546}, "42": {"time": 5.9699296951293945, "success": true, "nb_of_kicks": 2, "ballPos": [3.5960417668109494, 1.020832934761853], "ballPossession": 5.960438966751099}, "43": {"time": 39.46164274215698, "success": true, "nb_of_kicks": 3, "ballPos": [-1.4911461011625904, 1.0125373527244605], "ballPossession": 39.11503458023071}, "44": {"time": 35.24363160133362, "success": false, "nb_of_kicks": 2, "ballPos": [-0.4946792312897233, -1.7606414291097747], "ballPossession": 3.765554666519165}, "45": {"time": 17.302978992462158, "success": true, "nb_of_kicks": 3, "ballPos": [-0.34525775857872687, -0.6592979407038515], "ballPossession": 17.302978992462158}, "46": {"time": 27.782018899917603, "success": false, "nb_of_kicks": 2, "ballPos": [-3.848161960049864, -0.9804335620866442], "ballPossession": 14.439734697341919}, "47": {"time": 52.369022607803345, "success": false, "nb_of_kicks": 2, "ballPos": [-1.898954110211738, 0.40953922433813056], "ballPossession": 11.775430917739868}, "48": {"time": 43.11700367927551, "success": false, "nb_of_kicks": 2, "ballPos": [-3.969080618596888, -2.8600737146142725], "ballPossession": 4.259030342102051}, "49": {"time": 82.62493205070496, "success": false, "nb_of_kicks": 2, "ballPos": [-4.417692663092745, 2.778409525656172], "ballPossession": 62.51703381538391}, "50": {"time": 57.474913120269775, "success": false, "nb_of_kicks": 2,