{"1": {"time": 43.365447998046875, "success": false, "nb_of_kicks": 2, "ballPos": [-2.472970688650639, -2.0729420958057885], "ballPossession": 8.681245565414429}, "2": {"time": 68.4226655960083, "success": true, "nb_of_kicks": 4, "ballPos": [-4.17841443943169, 1.046389967485099], "ballPossession": 68.35422110557556}, "3": {"time": 34.191585063934326, "success": false, "nb_of_kicks": 1, "ballPos": [1.5375511627690788, 0.3997548005790366], "ballPossession": 25.969584703445435}, "4": {"time": 24.453495979309082, "success": false, "nb_of_kicks": 2, "ballPos": [-0.6815196988332536, -2.58080059142564], "ballPossession": 6.9220359325408936}, "5": {"time": 8.373721837997437, "success": true, "nb_of_kicks": 2, "ballPos": [1.9677543524854653, 2.4620320991556235], "ballPossession": 8.355769634246826}, "6": {"time": 9.647626638412476, "success": true, "nb_of_kicks": 2, "ballPos": [0.9831008021221845, 0.8529752816043822], "ballPossession": 9.636189937591553}, "7": {"time": 33.51695799827576, "success": false, "nb_of_kicks": 2, "ballPos": [-1.2702688466631415, -0.4910874200658508], "ballPossession": 16.09736704826355}, "8": {"time": 12.665748834609985, "success": true, "nb_of_kicks": 2, "ballPos": [0.6250010481293217, -0.11080134255385166], "ballPossession": 12.637634515762329}, "9": {"time": 49.30051565170288, "success": false, "nb_of_kicks": 2, "ballPos": [-0.45966405609901473, 2.1388638133386286], "ballPossession": 5.084293603897095}, "10": {"time": 40.28331017494202, "success": true, "nb_of_kicks": 3, "ballPos": [-0.794327801378776, 0.6258341062201165], "ballPossession": 40.25550413131714}, "11": {"time": 30.964660167694092, "success": true, "nb_of_kicks": 3, "ballPos": [0.5330782363802751, 2.000434377215013], "ballPossession": 30.94766616821289}, "12": {"time": 6.763269662857056, "success": true, "nb_of_kicks": 2, "ballPos": [3.467025407871817, -0.4870321970993485], "ballPossession": 6.743813514709473}, "13": {"time": 69.93591737747192, "success": false, "nb_of_kicks": 3, "ballPos": [-0.7583872934147374, -3.068852583506731], "ballPossession": 24.94590973854065}, "14": {"time": 74.20384240150452, "success": true, "nb_of_kicks": 7, "ballPos": [2.0794399116836453, 2.6296191922312344], "ballPossession": 43.48473143577576}, "15": {"time": 35.73980975151062, "success": false, "nb_of_kicks": 2, "ballPos": [-1.8100785339268533, 2.9575772799084725], "ballPossession": 19.14057230949402}, "16": {"time": 39.9685161113739, "success": false, "nb_of_kicks": 2, "ballPos": [-3.506180891022885, -1.4705478578588513], "ballPossession": 6.109897613525391}, "17": {"time": 140.13776779174805, "success": false, "nb_of_kicks": 19, "ballPos": [3.0437838843404674, 0.43358470809053695], "ballPossession": 123.98382592201233}, "18": {"time": 65.13024234771729, "success": false, "nb_of_kicks": 2, "ballPos": [-1.2411128994881524, 2.783049175352687], "ballPossession": 11.67598557472229}, "19": {"time": 24.700804233551025, "success": true, "nb_of_kicks": 3, "ballPos": [-0.5541679302470075, 0.944586572168113], "ballPossession": 24.700804233551025}, "20": {"time": 30.62373423576355, "success": true, "nb_of_kicks": 4, "ballPos": [1.8940070942558573, -2.530815283187107], "ballPossession": 30.605175495147705}, "21": {"time": 8.612899541854858, "success": false, "nb_of_kicks": 2, "ballPos": [1.9168441981346922, 2.546667775994649], "ballPossession": 3.6818928718566895}, "22": {"time": 117.75092840194702, "success": false, "nb_of_kicks": 5, "ballPos": [-3.285451343722269, -1.0279958308130137], "ballPossession": 104.77410578727722}, "23": {"time": 53.83995699882507, "success": true, "nb_of_kicks": 3, "ballPos": [2.051744359955756, -2.4328128493270493], "ballPossession": 53.8289098739624}, "24": {"time": 11.737359046936035, "success": false, "nb_of_kicks": 1, "ballPos": [2.659411171536439, -2.3049876941344776], "ballPossession": 11.737359046936035}, "25": {"time": 60.00860667228699, "success": true, "nb_of_kicks": 4, "ballPos": [-4.29694184938885, -2.208090235411202], "ballPossession": 59.98341393470764}, "26": {"time": 30.419832944869995, "success": false, "nb_of_kicks": 2, "ballPos": [-4.22529042596566, 1.6915038106229903], "ballPossession": 23.55814504623413}, "27": {"time": 10.776581287384033, "success": false, "nb_of_kicks": 1, "ballPos": [-1.9222198790123897, -2.782655988266364], "ballPossession": 4.383498907089233}, "28": {"time": 22.2778480052948, "success": true, "nb_of_kicks": 2, "ballPos": [4.187415693710628, -1.5920052258415416], "ballPossession": 22.2491295337677}, "29": {"time": 75.5059220790863, "success": true, "nb_of_kicks": 4, "ballPos": [-3.4868463247548567, 2.925363265784587], "ballPossession": 75.48417568206787}, "30": {"time": 3.037343978881836, "success": true, "nb_of_kicks": 2, "ballPos": [4.1974818423869955, 0.32140829830432815], "ballPossession": 3.0196752548217773}, "31": {"time": 116.09230041503906, "success": false, "nb_of_kicks": 3, "ballPos": [-3.965630502678051, -2.9716577534641466], "ballPossession": 53.68934750556946}, "32": {"time": 59.45415139198303, "success": false, "nb_of_kicks": 2, "ballPos": [0.018431754667489614, -2.5660789312236187], "ballPossession": 6.176733016967773}, "33": {"time": 28.458699703216553, "success": true, "nb_of_kicks": 3, "ballPos": [4.4839590473053565, 2.1545191704454103], "ballPossession": 28.458699703216553}, "34": {"time": 52.80278134346008, "success": true, "nb_of_kicks": 3, "ballPos": [-0.4908372809420467, -0.9009734376872534], "ballPossession": 9.128703594207764}, "35": {"time": 18.136119842529297, "success": true, "nb_of_kicks": 3, "ballPos": [-5.619967009679039e-06, -1.6045806888090934], "ballPossession": 18.136119842529297}, "36": {"time": 3.7140979766845703, "success": true, "nb_of_kicks": 2, "ballPos": [2.2567813624829896, -1.586385643933383], "ballPossession": 3.7140979766845703}, "37": {"time": 73.9483289718628, "success": true, "nb_of_kicks": 4, "ballPos": [3.9687145192327855, -1.828532668938981], "ballPossession": 73.93464040756226}, "38": {"time": 56.32497954368591, "success": false, "nb_of_kicks": 7, "ballPos": [-3.706159921938353, -1.136594305307901], "ballPossession": 49.86737513542175}, "39": {"time": 28.047738790512085, "success": false, "nb_of_kicks": 3, "ballPos": [-1.66571464285971, -2.7628517899099103], "ballPossession": 12.165337085723877}, "40": {"time": 3.306508779525757, "success": true, "nb_of_kicks": 2, "ballPos": [0.7510951285549509, -0.24234210212194765], "ballPossession": 3.290053367614746}, "41": {"time": 54.87424445152283, "success": false, "nb_of_kicks": 2, "ballPos": [-2.3039203166902604, -2.8233146045554576], "ballPossession": 7.294512748718262}, "42": {"time": 13.655175685882568, "success": true, "nb_of_kicks": 2, "ballPos": [3.5960417668109494, 1.020832934761853], "ballPossession": 13.655175685882568}, "43": {"time": 5.773478746414185, "success": false, "nb_of_kicks": 1, "ballPos": [-1.4911461011625904, 1.0125373527244605], "ballPossession": 5.486914396286011}, "44": {"time": 41.31987929344177, "success": false, "nb_of_kicks": 2, "ballPos": [-0.4946792312897233, -1.7606414291097747], "ballPossession": 7.993647575378418}, "45": {"time": 17.81283950805664, "success": true, "nb_of_kicks": 3, "ballPos": [-0.34525775857872687, -0.6592979407038515], "ballPossession": 17.81283950805664}, "46": {"time": 72.35884213447571, "success": false, "nb_of_kicks": 3, "ballPos": [-3.848161960049864, -0.9804335620866442], "ballPossession": 33.087059020996094}, "47": {"time": 45.81868767738342, "success": false, "nb_of_kicks": 2, "ballPos": [-1.898954110211738, 0.40953922433813056], "ballPossession": 12.53498101234436}, "48": {"time": 37.06973052024841, "success": false, "nb_of_kicks": 2, "ballPos": [-3.969080618596888, -2.8600737146142725], "ballPossession": 4.074443340301514}, "49": {"time": 101.30241465568542, "success": false, "nb_of_kicks": 2, "ballPos": [-4.417692663092745, 2.778409525656172], "ballPossession": 41.4079794883728}, "50": {"time": 85.14481949806213, "success": false, "nb_of_kicks": 9,