{"1": {"time": 0.00010061264038085938, "success": false, "nb_of_kicks": 0, "ballPos": [-2.275215616093142, 2.579388711718871], "ballPossession": 0}, "2": {"time": 90.53449726104736, "success": false, "nb_of_kicks": 4, "ballPos": [-3.9665441039054805, -2.5122874165212727], "ballPossession": 56.69452714920044}, "3": {"time": 77.77088356018066, "success": false, "nb_of_kicks": 3, "ballPos": [-2.9726571049221704, -2.378945294789589], "ballPossession": 41.92620801925659}, "4": {"time": 46.20257306098938, "success": false, "nb_of_kicks": 3, "ballPos": [-0.4169844592621866, -0.19306818118255525], "ballPossession": 39.284820556640625}, "5": {"time": 52.772459983825684, "success": false, "nb_of_kicks": 4, "ballPos": [-2.4686204954432904, 1.5994219610508944], "ballPossession": 46.576143741607666}, "6": {"time": 61.45769262313843, "success": false, "nb_of_kicks": 4, "ballPos": [-3.039671788722418, -0.7805328072099539], "ballPossession": 38.552385091781616}, "7": {"time": 76.56435322761536, "success": false, "nb_of_kicks": 4, "ballPos": [-1.5933574505850057, 2.156486733801759], "ballPossession": 59.44417643547058}, "8": {"time": 34.74162292480469, "success": false, "nb_of_kicks": 2, "ballPos": [-1.2041820537119943, 2.1786507978578857], "ballPossession": 34.681668281555176}, "9": {"time": 40.706204652786255, "success": false, "nb_of_kicks": 2, "ballPos": [-3.8803387958951308, 2.660142937514167], "ballPossession": 4.146815061569214}, "10": {"time": 62.39729332923889, "success": false, "nb_of_kicks": 3, "ballPos": [-1.7542010305730047, 1.0909090958668348], "ballPossession": 27.340615272521973}, "11": {"time": 5.969521760940552, "success": false, "nb_of_kicks": 1, "ballPos": [-0.9337330023580326, -0.16254995680015882], "ballPossession": 2.7204062938690186}, "12": {"time": 27.460399866104126, "success": false, "nb_of_kicks": 3, "ballPos": [-0.69209196242698, -0.6542149597813189], "ballPossession": 15.710994720458984}, "13": {"time": 51.93809366226196, "success": false, "nb_of_kicks": 2, "ballPos": [-2.6853244762736783, -2.9428556956916676], "ballPossession": 13.267216444015503}, "14": {"time": 43.380231618881226, "success": false, "nb_of_kicks": 3, "ballPos": [-2.5540343578144733, -2.6738177707904045], "ballPossession": 32.08509588241577}, "15": {"time": 134.67765522003174, "success": false, "nb_of_kicks": 4, "ballPos": [-3.23445711087047, -0.9031793787265813], "ballPossession": 75.35188102722168}, "16": {"time": 89.01916909217834, "success": true, "nb_of_kicks": 5, "ballPos": [-3.53746173435687, -2.20288097631721], "ballPossession": 44.33813762664795}, "17": {"time": 47.08282017707825, "success": false, "nb_of_kicks": 2, "ballPos": [-3.4875765831144907, -1.0198489482780653], "ballPossession": 14.33176851272583}, "18": {"time": 85.67487001419067, "success": false, "nb_of_kicks": 3, "ballPos": [-0.8420623247960517, -0.16978594057851012], "ballPossession": 46.22640419006348}, "19": {"time": 69.37167763710022, "success": false, "nb_of_kicks": 3, "ballPos": [-2.0659186150769897, -0.5140403880232441], "ballPossession": 22.60365056991577}, "20": {"time": 46.40095114707947, "success": false, "nb_of_kicks": 2, "ballPos": [-2.2915281516117325, 0.48560586974434916], "ballPossession": 3.750173330307007}, "21": {"time": 58.78364825248718, "success": false, "nb_of_kicks": 3, "ballPos": [-1.8279066743086743, 0.8500653787402639], "ballPossession": 17.459483861923218}, "22": {"time": 26.250412702560425, "success": false, "nb_of_kicks": 2, "ballPos": [-2.9405127852763195, -2.3561680510842233], "ballPossession": 4.7472007274627686}, "23": {"time": 65.76428484916687, "success": false, "nb_of_kicks": 3, "ballPos": [-1.892575749987786, 1.4949426671852486], "ballPossession": 31.880955696105957}, "24": {"time": 26.47865915298462, "success": false, "nb_of_kicks": 2, "ballPos": [-1.3572190860269022, -0.37661306898272917], "ballPossession": 3.318094253540039}, "25": {"time": 38.2100031375885, "success": false, "nb_of_kicks": 2, "ballPos": [-3.6188566286640413, -2.830052390282204], "ballPossession": 3.989783525466919}, "26": {"time": 94.56403636932373, "success": false, "nb_of_kicks": 4, "ballPos": [-2.695985539712986, 0.020483469628100708], "ballPossession": 39.099815130233765}, "27": {"time": 73.88218593597412, "success": false, "nb_of_kicks": 3, "ballPos": [-3.049417424732028, 0.45225374713340255], "ballPossession": 46.16588592529297}, "28": {"time": 83.98327589035034, "success": false, "nb_of_kicks": 4, "ballPos": [-3.1240350515630846, 1.5684420180916232], "ballPossession": 32.57796001434326}, "29": {"time": 82.76909589767456, "success": false, "nb_of_kicks": 3, "ballPos": [-1.9682140899169394, -1.0144410442665877], "ballPossession": 38.52889132499695}, "30": {"time": 42.021260499954224, "success": false, "nb_of_kicks": 2, "ballPos": [-2.3410854761586477, -0.5514496740243157], "ballPossession": 4.218322038650513}, "31": {"time": 65.77149677276611, "success": false, "nb_of_kicks": 3, "ballPos": [-4.096442249936008, 1.627136754486916], "ballPossession": 25.14960026741028}, "32": {"time": 32.34187436103821, "success": false, "nb_of_kicks": 2, "ballPos": [0.0837504217662084, 2.2413328515738358], "ballPossession": 3.9698846340179443}, "33": {"time": 42.10963702201843, "success": false, "nb_of_kicks": 2, "ballPos": [-1.8164183268082996, 1.3913418726450608], "ballPossession": 40.79614996910095}, "34": {"time": 35.51993012428284, "success": false, "nb_of_kicks": 2, "ballPos": [-3.0745083857224946, -0.1334039739914156], "ballPossession": 4.302485942840576}, "35": {"time": 0.0012364387512207031, "success": false, "nb_of_kicks": 0, "ballPos": [-0.23803752887253593, -1.006339939225852], "ballPossession": 0}, "36": {"time": 79.93421483039856, "success": false, "nb_of_kicks": 4, "ballPos": [-1.7588175028533959, -2.790974665062529], "ballPossession": 62.965514183044434}, "37": {"time": 49.199349880218506, "success": false, "nb_of_kicks": 3, "ballPos": [-3.4162043383390652, 0.7825851876360134], "ballPossession": 16.178375482559204}, "38": {"time": 45.2106990814209, "success": false, "nb_of_kicks": 3, "ballPos": [-0.0356248380642156, 2.5984820999917626], "ballPossession": 30.277448177337646}, "39": {"time": 44.89069366455078, "success": false, "nb_of_kicks": 2, "ballPos": [-1.9628051216729112, -1.874369319493395], "ballPossession": 4.547257661819458}, "40": {"time": 44.88515114784241, "success": false, "nb_of_kicks": 2, "ballPos": [-3.0214806881664136, -1.8460953068220405], "ballPossession": 4.183678388595581}, "41": {"time": 41.99094915390015, "success": false, "nb_of_kicks": 2, "ballPos": [-0.9083013513464572, 0.7277655053057991], "ballPossession": 9.114641427993774}, "42": {"time": 82.10562014579773, "success": false, "nb_of_kicks": 3, "ballPos": [-3.0736847572528707, -0.8559718490514671], "ballPossession": 47.684025049209595}, "43": {"time": 45.32409715652466, "success": false, "nb_of_kicks": 2, "ballPos": [-3.6147457532050455, -0.8508423608226452], "ballPossession": 4.7150208950042725}, "44": {"time": 81.7628014087677, "success": true, "nb_of_kicks": 4, "ballPos": [-0.53838296374406, 2.2130367401810678], "ballPossession": 37.93023490905762}, "45": {"time": 78.4812343120575, "success": false, "nb_of_kicks": 4, "ballPos": [-1.622374503650798, -2.0195289502335236], "ballPossession": 69.4925525188446}, "46": {"time": 43.12205529212952, "success": false, "nb_of_kicks": 2, "ballPos": [-2.5252057701286446, 1.5278869296373274], "ballPossession": 3.222759246826172}, "47": {"time": 25.919531106948853, "success": false, "nb_of_kicks": 3, "ballPos": [-0.3267260369255778, -0.16449553815683185], "ballPossession": 15.897724866867065}, "48": {"time": 38.86394429206848, "success": false, "nb_of_kicks": 2, "ballPos": [-0.9117413499918718, 1.5952871982941157], "ballPossession": 4.727235794067383}, "49": {"time": 118.04057812690735, "success": false, "nb_of_kicks": 4, "ballPos": [-1.6085219538270081, -1.1255981052170552], "ballPossession": 43.99639964103699}, "50": {"time": 36.062721729278564, "success": false,