{"1": {"time": 6.842613220214844e-05, "success": false, "nb_of_kicks": 0, "ballPos": [-2.472970688650639, -2.0729420958057885], "ballPossession": 6.842613220214844e-05}, "2": {"time": 21.03252673149109, "success": false, "nb_of_kicks": 2, "ballPos": [-4.17841443943169, 1.046389967485099], "ballPossession": 9.72006630897522}, "3": {"time": 54.77396106719971, "success": false, "nb_of_kicks": 3, "ballPos": [1.5375511627690788, 0.3997548005790366], "ballPossession": 32.757896423339844}, "4": {"time": 43.87492561340332, "success": false, "nb_of_kicks": 3, "ballPos": [-0.6815196988332536, -2.58080059142564], "ballPossession": 25.318193435668945}, "5": {"time": 42.44618773460388, "success": false, "nb_of_kicks": 3, "ballPos": [1.9677543524854653, 2.4620320991556235], "ballPossession": 22.887557983398438}, "6": {"time": 34.4351921081543, "success": false, "nb_of_kicks": 2, "ballPos": [0.9831008021221845, 0.8529752816043822], "ballPossession": 9.77677845954895}, "7": {"time": 32.08293414115906, "success": false, "nb_of_kicks": 2, "ballPos": [-1.2702688466631415, -0.4910874200658508], "ballPossession": 31.74093532562256}, "8": {"time": 25.745704412460327, "success": false, "nb_of_kicks": 2, "ballPos": [0.6250010481293217, -0.11080134255385166], "ballPossession": 12.027707576751709}, "9": {"time": 39.06534004211426, "success": false, "nb_of_kicks": 3, "ballPos": [-0.45966405609901473, 2.1388638133386286], "ballPossession": 38.89034152030945}, "10": {"time": 7.111281394958496, "success": false, "nb_of_kicks": 1, "ballPos": [-0.794327801378776, 0.6258341062201165], "ballPossession": 6.809873342514038}, "11": {"time": 38.006187200546265, "success": false, "nb_of_kicks": 3, "ballPos": [0.5330782363802751, 2.000434377215013], "ballPossession": 28.397804975509644}, "12": {"time": 3.4381215572357178, "success": true, "nb_of_kicks": 2, "ballPos": [3.467025407871817, -0.4870321970993485], "ballPossession": 3.427828073501587}, "13": {"time": 59.74118685722351, "success": false, "nb_of_kicks": 3, "ballPos": [-0.7583872934147374, -3.068852583506731], "ballPossession": 16.595935106277466}, "14": {"time": 24.93282175064087, "success": false, "nb_of_kicks": 2, "ballPos": [2.0794399116836453, 2.6296191922312344], "ballPossession": 3.9782907962799072}, "15": {"time": 0.00667881965637207, "success": false, "nb_of_kicks": 0, "ballPos": [-1.8100785339268533, 2.9575772799084725], "ballPossession": 0}, "16": {"time": 13.774369716644287, "success": false, "nb_of_kicks": 2, "ballPos": [-3.506180891022885, -1.4705478578588513], "ballPossession": 5.602890729904175}, "17": {"time": 0.007532596588134766, "success": false, "nb_of_kicks": 0, "ballPos": [3.0437838843404674, 0.43358470809053695], "ballPossession": 0}, "18": {"time": 49.71171689033508, "success": false, "nb_of_kicks": 3, "ballPos": [-1.2411128994881524, 2.783049175352687], "ballPossession": 37.84709692001343}, "19": {"time": 84.74077796936035, "success": true, "nb_of_kicks": 6, "ballPos": [-0.5541679302470075, 0.944586572168113], "ballPossession": 84.74077796936035}, "20": {"time": 38.97589564323425, "success": false, "nb_of_kicks": 2, "ballPos": [1.8940070942558573, -2.530815283187107], "ballPossession": 16.862836360931396}, "21": {"time": 47.39667892456055, "success": false, "nb_of_kicks": 3, "ballPos": [1.9168441981346922, 2.546667775994649], "ballPossession": 31.235711336135864}, "22": {"time": 33.776575326919556, "success": false, "nb_of_kicks": 2, "ballPos": [-3.285451343722269, -1.0279958308130137], "ballPossession": 13.640023946762085}, "23": {"time": 84.83179092407227, "success": true, "nb_of_kicks": 5, "ballPos": [2.051744359955756, -2.4328128493270493], "ballPossession": 84.8207688331604}, "24": {"time": 0.011925458908081055, "success": false, "nb_of_kicks": 0, "ballPos": [2.659411171536439, -2.3049876941344776], "ballPossession": 0}, "25": {"time": 34.93571186065674, "success": false, "nb_of_kicks": 2, "ballPos": [-4.29694184938885, -2.208090235411202], "ballPossession": 11.458207130432129}, "26": {"time": 47.13549494743347, "success": false, "nb_of_kicks": 3, "ballPos": [-4.22529042596566, 1.6915038106229903], "ballPossession": 41.05083465576172}, "27": {"time": 9.778029203414917, "success": false, "nb_of_kicks": 1, "ballPos": [-1.9222198790123897, -2.782655988266364], "ballPossession": 4.079594612121582}, "28": {"time": 74.52056550979614, "success": false, "nb_of_kicks": 3, "ballPos": [4.187415693710628, -1.5920052258415416], "ballPossession": 44.40970540046692}, "29": {"time": 0.0006234645843505859, "success": false, "nb_of_kicks": 0, "ballPos": [-3.4868463247548567, 2.925363265784587], "ballPossession": 0}, "30": {"time": 3.081643581390381, "success": true, "nb_of_kicks": 2, "ballPos": [4.1974818423869955, 0.32140829830432815], "ballPossession": 3.069246768951416}, "31": {"time": 48.28395056724548, "success": false, "nb_of_kicks": 3, "ballPos": [-3.965630502678051, -2.9716577534641466], "ballPossession": 36.58436918258667}, "32": {"time": 21.547362089157104, "success": false, "nb_of_kicks": 2, "ballPos": [0.018431754667489614, -2.5660789312236187], "ballPossession": 21.31328296661377}, "33": {"time": 8.049062728881836, "success": true, "nb_of_kicks": 2, "ballPos": [4.4839590473053565, 2.1545191704454103], "ballPossession": 8.043457508087158}, "34": {"time": 111.0562653541565, "success": false, "nb_of_kicks": 6, "ballPos": [-0.4908372809420467, -0.9009734376872534], "ballPossession": 62.88491892814636}, "35": {"time": 0.00403141975402832, "success": false, "nb_of_kicks": 0, "ballPos": [-5.619967009679039e-06, -1.6045806888090934], "ballPossession": 0}, "36": {"time": 24.33015203475952, "success": false, "nb_of_kicks": 2, "ballPos": [2.2567813624829896, -1.586385643933383], "ballPossession": 5.126972675323486}, "37": {"time": 22.833043336868286, "success": true, "nb_of_kicks": 3, "ballPos": [3.9687145192327855, -1.828532668938981], "ballPossession": 22.82317352294922}, "38": {"time": 32.603426933288574, "success": false, "nb_of_kicks": 2, "ballPos": [-3.706159921938353, -1.136594305307901], "ballPossession": 9.365028619766235}, "39": {"time": 0.0024874210357666016, "success": false, "nb_of_kicks": 0, "ballPos": [-1.66571464285971, -2.7628517899099103], "ballPossession": 0}, "40": {"time": 23.445368766784668, "success": false, "nb_of_kicks": 2, "ballPos": [0.7510951285549509, -0.24234210212194765], "ballPossession": 4.187690496444702}, "41": {"time": 17.890637397766113, "success": false, "nb_of_kicks": 2, "ballPos": [-2.3039203166902604, -2.8233146045554576], "ballPossession": 3.384230852127075}, "42": {"time": 24.325408935546875, "success": false, "nb_of_kicks": 2, "ballPos": [3.5960417668109494, 1.020832934761853], "ballPossession": 12.961670398712158}, "43": {"time": 4.402647972106934, "success": false, "nb_of_kicks": 1, "ballPos": [-1.4911461011625904, 1.0125373527244605], "ballPossession": 1.1145272254943848}, "44": {"time": 59.3834273815155, "success": false, "nb_of_kicks": 3, "ballPos": [-0.4946792312897233, -1.7606414291097747], "ballPossession": 35.66534471511841}, "45": {"time": 34.26550316810608, "success": false, "nb_of_kicks": 2, "ballPos": [-0.34525775857872687, -0.6592979407038515], "ballPossession": 33.920610666275024}, "46": {"time": 13.946618795394897, "success": false, "nb_of_kicks": 1, "ballPos": [-3.848161960049864, -0.9804335620866442], "ballPossession": 13.928038120269775}, "47": {"time": 55.88719177246094, "success": false, "nb_of_kicks": 3, "ballPos": [-1.898954110211738, 0.40953922433813056], "ballPossession": 31.22835946083069}, "48": {"time": 51.776891231536865, "success": false, "nb_of_kicks": 3, "ballPos": [-3.969080618596888, -2.8600737146142725], "ballPossession": 36.65847682952881}, "49": {"time": 88.77216672897339, "success": false, "nb_of_kicks": 4, "ballPos": [-4.417692663092745, 2.778409525656172], "ballPossession": 72.66329908370972}, "50": {"time": 82.7590160369873, "success": true, "nb_of_kicks": 5, "ballPos": [0.39326097781768543, -1.4489995646461487],