{"1": {"time": 48.40999999999894, "success": false, "nb_of_kicks": 2, "ballPos": [-2.472970688650639, -2.0729420958057885], "ballPossession": 12.699999999999774}, "2": {"time": 26.070000000001276, "success": false, "nb_of_kicks": 2, "ballPos": [-4.17841443943169, 1.046389967485099], "ballPossession": 4.279999999999953}, "3": {"time": 61.86999999999626, "success": false, "nb_of_kicks": 2, "ballPos": [1.5375511627690788, 0.3997548005790366], "ballPossession": 28.40000000000164}, "4": {"time": 64.48999999999609, "success": false, "nb_of_kicks": 3, "ballPos": [-0.6815196988332536, -2.58080059142564], "ballPossession": 17.71999999999997}, "5": {"time": 24.900000000001093, "success": true, "nb_of_kicks": 3, "ballPos": [1.9677543524854653, 2.4620320991556235], "ballPossession": 24.770000000001072}, "6": {"time": 48.78999999999886, "success": true, "nb_of_kicks": 3, "ballPos": [0.9831008021221845, 0.8529752816043822], "ballPossession": 6.149999999999913}, "7": {"time": 43.5599999999999, "success": false, "nb_of_kicks": 2, "ballPos": [-1.2702688466631415, -0.4910874200658508], "ballPossession": 16.6199999999998}, "8": {"time": 34.19000000000177, "success": true, "nb_of_kicks": 3, "ballPos": [0.6250010481293217, -0.11080134255385166], "ballPossession": 34.0300000000018}, "9": {"time": 59.179999999996795, "success": false, "nb_of_kicks": 3, "ballPos": [-0.45966405609901473, 2.1388638133386286], "ballPossession": 18.35000000000007}, "10": {"time": 50.179999999998586, "success": true, "nb_of_kicks": 4, "ballPos": [-0.794327801378776, 0.6258341062201165], "ballPossession": 50.16999999999859}, "11": {"time": 35.110000000001584, "success": false, "nb_of_kicks": 2, "ballPos": [0.5330782363802751, 2.000434377215013], "ballPossession": 7.529999999999884}, "12": {"time": 3.569999999999968, "success": true, "nb_of_kicks": 2, "ballPos": [3.467025407871817, -0.4870321970993485], "ballPossession": 3.569999999999968}, "13": {"time": 56.1299999999974, "success": false, "nb_of_kicks": 2, "ballPos": [-0.7583872934147374, -3.068852583506731], "ballPossession": 24.81000000000108}, "14": {"time": 14.979999999999725, "success": false, "nb_of_kicks": 2, "ballPos": [2.0794399116836453, 2.6296191922312344], "ballPossession": 4.859999999999941}, "15": {"time": 57.17999999999719, "success": false, "nb_of_kicks": 3, "ballPos": [-1.8100785339268533, 2.9575772799084725], "ballPossession": 40.0700000000006}, "16": {"time": 29.970000000001885, "success": false, "nb_of_kicks": 2, "ballPos": [-3.506180891022885, -1.4705478578588513], "ballPossession": 4.239999999999954}, "17": {"time": 19.340000000000224, "success": true, "nb_of_kicks": 2, "ballPos": [3.0437838843404674, 0.43358470809053695], "ballPossession": 19.200000000000202}, "18": {"time": 115.9100000000224, "success": true, "nb_of_kicks": 5, "ballPos": [-1.2411128994881524, 2.783049175352687], "ballPossession": 88.63000000000844}, "19": {"time": 59.829999999996666, "success": true, "nb_of_kicks": 4, "ballPos": [-0.5541679302470075, 0.944586572168113], "ballPossession": 59.81999999999667}, "20": {"time": 27.200000000001452, "success": false, "nb_of_kicks": 2, "ballPos": [1.8940070942558573, -2.530815283187107], "ballPossession": 16.159999999999727}, "21": {"time": 44.299999999999756, "success": false, "nb_of_kicks": 2, "ballPos": [1.9168441981346922, 2.546667775994649], "ballPossession": 3.8099999999999627}, "22": {"time": 29.890000000001873, "success": false, "nb_of_kicks": 2, "ballPos": [-3.285451343722269, -1.0279958308130137], "ballPossession": 13.739999999999752}, "23": {"time": 53.32999999999796, "success": true, "nb_of_kicks": 3, "ballPos": [2.051744359955756, -2.4328128493270493], "ballPossession": 53.28999999999797}, "24": {"time": 10.769999999999815, "success": false, "nb_of_kicks": 1, "ballPos": [2.659411171536439, -2.3049876941344776], "ballPossession": 10.769999999999815}, "25": {"time": 56.459999999997336, "success": false, "nb_of_kicks": 2, "ballPos": [-4.29694184938885, -2.208090235411202], "ballPossession": 10.749999999999815}, "26": {"time": 50.139999999998594, "success": false, "nb_of_kicks": 2, "ballPos": [-4.22529042596566, 1.6915038106229903], "ballPossession": 49.479999999998725}, "27": {"time": 9.859999999999834, "success": false, "nb_of_kicks": 1, "ballPos": [-1.9222198790123897, -2.782655988266364], "ballPossession": 1.7900000000000014}, "28": {"time": 18.67000000000012, "success": true, "nb_of_kicks": 2, "ballPos": [4.187415693710628, -1.5920052258415416], "ballPossession": 18.650000000000116}, "29": {"time": 95.4000000000119, "success": false, "nb_of_kicks": 4, "ballPos": [-3.4868463247548567, 2.925363265784587], "ballPossession": 55.67999999999749}, "30": {"time": 4.4999999999999485, "success": true, "nb_of_kicks": 2, "ballPos": [4.1974818423869955, 0.32140829830432815], "ballPossession": 4.339999999999952}, "31": {"time": 51.1099999999984, "success": false, "nb_of_kicks": 2, "ballPos": [-3.965630502678051, -2.9716577534641466], "ballPossession": 19.860000000000305}, "32": {"time": 26.750000000001382, "success": false, "nb_of_kicks": 2, "ballPos": [0.018431754667489614, -2.5660789312236187], "ballPossession": 10.02999999999983}, "33": {"time": 82.41000000000525, "success": false, "nb_of_kicks": 1, "ballPos": [4.4839590473053565, 2.1545191704454103], "ballPossession": 69.63999999999872}, "34": {"time": 58.369999999996956, "success": true, "nb_of_kicks": 4, "ballPos": [-0.4908372809420467, -0.9009734376872534], "ballPossession": 58.329999999996964}, "35": {"time": 72.67000000000027, "success": false, "nb_of_kicks": 3, "ballPos": [-5.619967009679039e-06, -1.6045806888090934], "ballPossession": 68.17999999999797}, "36": {"time": 26.630000000001363, "success": false, "nb_of_kicks": 2, "ballPos": [2.2567813624829896, -1.586385643933383], "ballPossession": 7.979999999999874}, "37": {"time": 3.0699999999999785, "success": true, "nb_of_kicks": 2, "ballPos": [3.9687145192327855, -1.828532668938981], "ballPossession": 3.0699999999999785}, "38": {"time": 32.42000000000212, "success": false, "nb_of_kicks": 2, "ballPos": [-3.706159921938353, -1.136594305307901], "ballPossession": 2.7799999999999847}, "39": {"time": 109.26000000001899, "success": true, "nb_of_kicks": 5, "ballPos": [-1.66571464285971, -2.7628517899099103], "ballPossession": 80.1400000000041}, "40": {"time": 49.5999999999987, "success": false, "nb_of_kicks": 2, "ballPos": [0.7510951285549509, -0.24234210212194765], "ballPossession": 8.849999999999856}, "41": {"time": 36.45000000000132, "success": false, "nb_of_kicks": 2, "ballPos": [-2.3039203166902604, -2.8233146045554576], "ballPossession": 4.799999999999942}, "42": {"time": 7.799999999999878, "success": true, "nb_of_kicks": 2, "ballPos": [3.5960417668109494, 1.020832934761853], "ballPossession": 7.799999999999878}, "43": {"time": 5.559999999999926, "success": false, "nb_of_kicks": 1, "ballPos": [-1.4911461011625904, 1.0125373527244605], "ballPossession": 5.219999999999933}, "44": {"time": 90.27000000000928, "success": false, "nb_of_kicks": 3, "ballPos": [-0.4946792312897233, -1.7606414291097747], "ballPossession": 46.53999999999931}, "45": {"time": 71.7599999999998, "success": false, "nb_of_kicks": 3, "ballPos": [-0.34525775857872687, -0.6592979407038515], "ballPossession": 44.81999999999965}, "46": {"time": 76.22000000000209, "success": false, "nb_of_kicks": 3, "ballPos": [-3.848161960049864, -0.9804335620866442], "ballPossession": 31.940000000002193}, "47": {"time": 50.56999999999851, "success": false, "nb_of_kicks": 2, "ballPos": [-1.898954110211738, 0.40953922433813056], "ballPossession": 26.570000000001354}, "48": {"time": 22.89000000000078, "success": false, "nb_of_kicks": 2, "ballPos": [-3.969080618596888, -2.8600737146142725], "ballPossession": 0.7100000000000004}, "49": {"time": 87.22000000000772, "success": false, "nb_of_kicks": 3, "ballPos": [-4.417692663092745, 2.778409525656172], "ballPossession": 50.34999999999855}, "50": {"time": 78.08000000000304, "success": true, "nb_of_kicks": 4,