{"1": {"time": 7.2479248046875e-05, "success": false, "nb_of_kicks": 0, "ballPos": [-2.275215616093142, 2.579388711718871], "ballPossession": 0}, "2": {"time": 42.69525337219238, "success": false, "nb_of_kicks": 3, "ballPos": [-3.9665441039054805, -2.5122874165212727], "ballPossession": 29.028595685958862}, "3": {"time": 37.50641703605652, "success": false, "nb_of_kicks": 2, "ballPos": [-2.9726571049221704, -2.378945294789589], "ballPossession": 26.195369958877563}, "4": {"time": 15.334461212158203, "success": false, "nb_of_kicks": 3, "ballPos": [-0.4169844592621866, -0.19306818118255525], "ballPossession": 10.487488985061646}, "5": {"time": 38.93952393531799, "success": false, "nb_of_kicks": 3, "ballPos": [-2.4686204954432904, 1.5994219610508944], "ballPossession": 18.56524348258972}, "6": {"time": 40.110559940338135, "success": false, "nb_of_kicks": 3, "ballPos": [-3.039671788722418, -0.7805328072099539], "ballPossession": 27.412413835525513}, "7": {"time": 19.43826127052307, "success": false, "nb_of_kicks": 2, "ballPos": [-1.5933574505850057, 2.156486733801759], "ballPossession": 3.652785062789917}, "8": {"time": 28.782474040985107, "success": false, "nb_of_kicks": 2, "ballPos": [-1.2041820537119943, 2.1786507978578857], "ballPossession": 3.305323362350464}, "9": {"time": 50.16937208175659, "success": false, "nb_of_kicks": 2, "ballPos": [-3.8803387958951308, 2.660142937514167], "ballPossession": 5.407461166381836}, "10": {"time": 40.14745473861694, "success": false, "nb_of_kicks": 2, "ballPos": [-1.7542010305730047, 1.0909090958668348], "ballPossession": 40.14745473861694}, "11": {"time": 4.203027248382568, "success": false, "nb_of_kicks": 1, "ballPos": [-0.9337330023580326, -0.16254995680015882], "ballPossession": 3.8570759296417236}, "12": {"time": 62.368242263793945, "success": false, "nb_of_kicks": 3, "ballPos": [-0.69209196242698, -0.6542149597813189], "ballPossession": 16.923269987106323}, "13": {"time": 4.208590984344482, "success": false, "nb_of_kicks": 1, "ballPos": [-2.6853244762736783, -2.9428556956916676], "ballPossession": 4.198298215866089}, "14": {"time": 34.19013476371765, "success": false, "nb_of_kicks": 2, "ballPos": [-2.5540343578144733, -2.6738177707904045], "ballPossession": 28.69649887084961}, "15": {"time": 77.30524444580078, "success": false, "nb_of_kicks": 4, "ballPos": [-3.23445711087047, -0.9031793787265813], "ballPossession": 38.7231183052063}, "16": {"time": 65.28710579872131, "success": false, "nb_of_kicks": 4, "ballPos": [-3.53746173435687, -2.20288097631721], "ballPossession": 48.02270579338074}, "17": {"time": 48.41009879112244, "success": false, "nb_of_kicks": 2, "ballPos": [-3.4875765831144907, -1.0198489482780653], "ballPossession": 48.41009879112244}, "18": {"time": 48.36852478981018, "success": false, "nb_of_kicks": 3, "ballPos": [-0.8420623247960517, -0.16978594057851012], "ballPossession": 43.118409633636475}, "19": {"time": 48.464964389801025, "success": false, "nb_of_kicks": 3, "ballPos": [-2.0659186150769897, -0.5140403880232441], "ballPossession": 23.19551134109497}, "20": {"time": 46.68265104293823, "success": false, "nb_of_kicks": 2, "ballPos": [-2.2915281516117325, 0.48560586974434916], "ballPossession": 5.429041385650635}, "21": {"time": 42.09693646430969, "success": false, "nb_of_kicks": 3, "ballPos": [-1.8279066743086743, 0.8500653787402639], "ballPossession": 17.148623943328857}, "22": {"time": 27.194715976715088, "success": false, "nb_of_kicks": 2, "ballPos": [-2.9405127852763195, -2.3561680510842233], "ballPossession": 4.063350200653076}, "23": {"time": 66.99756574630737, "success": false, "nb_of_kicks": 3, "ballPos": [-1.892575749987786, 1.4949426671852486], "ballPossession": 22.721497774124146}, "24": {"time": 16.775269508361816, "success": false, "nb_of_kicks": 2, "ballPos": [-1.3572190860269022, -0.37661306898272917], "ballPossession": 3.8180947303771973}, "25": {"time": 26.180708408355713, "success": false, "nb_of_kicks": 2, "ballPos": [-3.6188566286640413, -2.830052390282204], "ballPossession": 3.7976903915405273}, "26": {"time": 46.48857355117798, "success": false, "nb_of_kicks": 3, "ballPos": [-2.695985539712986, 0.020483469628100708], "ballPossession": 46.48857355117798}, "27": {"time": 63.609936237335205, "success": false, "nb_of_kicks": 3, "ballPos": [-3.049417424732028, 0.45225374713340255], "ballPossession": 46.13616156578064}, "28": {"time": 36.164408445358276, "success": false, "nb_of_kicks": 3, "ballPos": [-3.1240350515630846, 1.5684420180916232], "ballPossession": 15.692834615707397}, "29": {"time": 39.02629494667053, "success": false, "nb_of_kicks": 2, "ballPos": [-1.9682140899169394, -1.0144410442665877], "ballPossession": 3.8139939308166504}, "30": {"time": 43.9226336479187, "success": false, "nb_of_kicks": 2, "ballPos": [-2.3410854761586477, -0.5514496740243157], "ballPossession": 43.02316665649414}, "31": {"time": 56.832364320755005, "success": false, "nb_of_kicks": 3, "ballPos": [-4.096442249936008, 1.627136754486916], "ballPossession": 19.35745143890381}, "32": {"time": 43.102444887161255, "success": false, "nb_of_kicks": 2, "ballPos": [0.0837504217662084, 2.2413328515738358], "ballPossession": 5.459395170211792}, "33": {"time": 34.77920341491699, "success": false, "nb_of_kicks": 2, "ballPos": [-1.8164183268082996, 1.3913418726450608], "ballPossession": 32.9404559135437}, "34": {"time": 4.8177101612091064, "success": false, "nb_of_kicks": 1, "ballPos": [-3.0745083857224946, -0.1334039739914156], "ballPossession": 4.64225435256958}, "35": {"time": 0.01663804054260254, "success": false, "nb_of_kicks": 0, "ballPos": [-0.23803752887253593, -1.006339939225852], "ballPossession": 0.01663804054260254}, "36": {"time": 74.54875206947327, "success": false, "nb_of_kicks": 3, "ballPos": [-1.7588175028533959, -2.790974665062529], "ballPossession": 38.61873507499695}, "37": {"time": 38.78017210960388, "success": false, "nb_of_kicks": 3, "ballPos": [-3.4162043383390652, 0.7825851876360134], "ballPossession": 21.512208223342896}, "38": {"time": 30.988327503204346, "success": false, "nb_of_kicks": 3, "ballPos": [-0.0356248380642156, 2.5984820999917626], "ballPossession": 25.073519229888916}, "39": {"time": 26.62471294403076, "success": false, "nb_of_kicks": 2, "ballPos": [-1.9628051216729112, -1.874369319493395], "ballPossession": 3.8346550464630127}, "40": {"time": 33.673471450805664, "success": false, "nb_of_kicks": 2, "ballPos": [-3.0214806881664136, -1.8460953068220405], "ballPossession": 3.258683919906616}, "41": {"time": 11.440574884414673, "success": false, "nb_of_kicks": 2, "ballPos": [-0.9083013513464572, 0.7277655053057991], "ballPossession": 4.038222789764404}, "42": {"time": 70.77987790107727, "success": false, "nb_of_kicks": 3, "ballPos": [-3.0736847572528707, -0.8559718490514671], "ballPossession": 45.371896743774414}, "43": {"time": 46.88693857192993, "success": false, "nb_of_kicks": 2, "ballPos": [-3.6147457532050455, -0.8508423608226452], "ballPossession": 5.887020826339722}, "44": {"time": 30.549834728240967, "success": false, "nb_of_kicks": 2, "ballPos": [-0.53838296374406, 2.2130367401810678], "ballPossession": 2.2679378986358643}, "45": {"time": 49.270710945129395, "success": false, "nb_of_kicks": 2, "ballPos": [-1.622374503650798, -2.0195289502335236], "ballPossession": 49.258002519607544}, "46": {"time": 0.01913619041442871, "success": false, "nb_of_kicks": 0, "ballPos": [-2.5252057701286446, 1.5278869296373274], "ballPossession": 0}, "47": {"time": 28.2141375541687, "success": false, "nb_of_kicks": 2, "ballPos": [-0.3267260369255778, -0.16449553815683185], "ballPossession": 9.433114767074585}, "48": {"time": 3.3383357524871826, "success": false, "nb_of_kicks": 1, "ballPos": [-0.9117413499918718, 1.5952871982941157], "ballPossession": 3.33355712890625}, "49": {"time": 45.01154112815857, "success": false, "nb_of_kicks": 3, "ballPos": [-1.6085219538270081, -1.1255981052170552], "ballPossession": 25.058654308319092}, "50": {"time": 31.922887086868286,