{"1": {"time": 61.289999999996375, "success": false, "nb_of_kicks": 3, "ballPos": [-2.472970688650639, -2.0729420958057885], "ballPossession": 50.89999999999844}, "2": {"time": 106.24000000001745, "success": false, "nb_of_kicks": 9, "ballPos": [-4.17841443943169, 1.046389967485099], "ballPossession": 71.50999999999968}, "3": {"time": 9.479999999999842, "success": false, "nb_of_kicks": 2, "ballPos": [1.5375511627690788, 0.3997548005790366], "ballPossession": 6.399999999999908}, "4": {"time": 46.14999999999939, "success": false, "nb_of_kicks": 3, "ballPos": [-0.6815196988332536, -2.58080059142564], "ballPossession": 13.139999999999764}, "5": {"time": 59.75999999999668, "success": true, "nb_of_kicks": 9, "ballPos": [1.9677543524854653, 2.4620320991556235], "ballPossession": 59.729999999996686}, "6": {"time": 86.0100000000071, "success": true, "nb_of_kicks": 4, "ballPos": [0.9831008021221845, 0.8529752816043822], "ballPossession": 14.919999999999726}, "7": {"time": 19.970000000000322, "success": false, "nb_of_kicks": 2, "ballPos": [-1.2702688466631415, -0.4910874200658508], "ballPossession": 12.069999999999787}, "8": {"time": 25.890000000001248, "success": false, "nb_of_kicks": 2, "ballPos": [0.6250010481293217, -0.11080134255385166], "ballPossession": 9.659999999999838}, "9": {"time": 59.1399999999968, "success": true, "nb_of_kicks": 4, "ballPos": [-0.45966405609901473, 2.1388638133386286], "ballPossession": 59.1399999999968}, "10": {"time": 85.84000000000701, "success": true, "nb_of_kicks": 4, "ballPos": [-0.794327801378776, 0.6258341062201165], "ballPossession": 85.10000000000663}, "11": {"time": 55.209999999997585, "success": false, "nb_of_kicks": 2, "ballPos": [0.5330782363802751, 2.000434377215013], "ballPossession": 21.320000000000533}, "12": {"time": 3.6699999999999657, "success": true, "nb_of_kicks": 2, "ballPos": [3.467025407871817, -0.4870321970993485], "ballPossession": 3.6699999999999657}, "13": {"time": 37.30000000000115, "success": false, "nb_of_kicks": 2, "ballPos": [-0.7583872934147374, -3.068852583506731], "ballPossession": 11.149999999999807}, "14": {"time": 36.760000000001256, "success": false, "nb_of_kicks": 2, "ballPos": [2.0794399116836453, 2.6296191922312344], "ballPossession": 5.6699999999999235}, "15": {"time": 39.880000000000635, "success": false, "nb_of_kicks": 2, "ballPos": [-1.8100785339268533, 2.9575772799084725], "ballPossession": 37.320000000001144}, "16": {"time": 144.31000000001373, "success": true, "nb_of_kicks": 6, "ballPos": [-3.506180891022885, -1.4705478578588513], "ballPossession": 63.959999999995844}, "17": {"time": 97.18000000001281, "success": false, "nb_of_kicks": 3, "ballPos": [3.0437838843404674, 0.43358470809053695], "ballPossession": 77.96000000000298}, "18": {"time": 70.86999999999935, "success": false, "nb_of_kicks": 3, "ballPos": [-1.2411128994881524, 2.783049175352687], "ballPossession": 36.83000000000124}, "19": {"time": 104.45000000001653, "success": true, "nb_of_kicks": 4, "ballPos": [-0.5541679302470075, 0.944586572168113], "ballPossession": 101.460000000015}, "20": {"time": 30.710000000002, "success": false, "nb_of_kicks": 2, "ballPos": [1.8940070942558573, -2.530815283187107], "ballPossession": 20.620000000000424}, "21": {"time": 43.499999999999915, "success": false, "nb_of_kicks": 2, "ballPos": [1.9168441981346922, 2.546667775994649], "ballPossession": 5.469999999999928}, "22": {"time": 30.150000000001913, "success": false, "nb_of_kicks": 2, "ballPos": [-3.285451343722269, -1.0279958308130137], "ballPossession": 6.649999999999903}, "23": {"time": 620.6999999995805, "success": false, "nb_of_kicks": 147, "ballPos": [2.051744359955756, -2.4328128493270493], "ballPossession": 613.7099999995869}, "24": {"time": 8.139999999999871, "success": true, "nb_of_kicks": 2, "ballPos": [2.659411171536439, -2.3049876941344776], "ballPossession": 7.579999999999883}, "25": {"time": 31.250000000002085, "success": false, "nb_of_kicks": 2, "ballPos": [-4.29694184938885, -2.208090235411202], "ballPossession": 9.389999999999844}, "26": {"time": 70.80999999999932, "success": false, "nb_of_kicks": 4, "ballPos": [-4.22529042596566, 1.6915038106229903], "ballPossession": 46.12999999999939}, "27": {"time": 23.320000000000846, "success": false, "nb_of_kicks": 1, "ballPos": [-1.9222198790123897, -2.782655988266364], "ballPossession": 15.479999999999714}, "28": {"time": 382.3099999997973, "success": false, "nb_of_kicks": 58, "ballPos": [4.187415693710628, -1.5920052258415416], "ballPossession": 362.46999999981534}, "29": {"time": 164.36999999999549, "success": false, "nb_of_kicks": 6, "ballPos": [-3.4868463247548567, 2.925363265784587], "ballPossession": 122.05000000002553}, "30": {"time": 3.2699999999999743, "success": true, "nb_of_kicks": 2, "ballPos": [4.1974818423869955, 0.32140829830432815], "ballPossession": 3.2599999999999745}, "31": {"time": 74.25000000000108, "success": false, "nb_of_kicks": 3, "ballPos": [-3.965630502678051, -2.9716577534641466], "ballPossession": 24.9500000000011}, "32": {"time": 17.369999999999916, "success": false, "nb_of_kicks": 2, "ballPos": [0.018431754667489614, -2.5660789312236187], "ballPossession": 5.429999999999929}, "33": {"time": 7.609999999999882, "success": true, "nb_of_kicks": 2, "ballPos": [4.4839590473053565, 2.1545191704454103], "ballPossession": 7.569999999999883}, "34": {"time": 71.20999999999952, "success": false, "nb_of_kicks": 2, "ballPos": [-0.4908372809420467, -0.9009734376872534], "ballPossession": 35.29000000000155}, "35": {"time": 80.79000000000443, "success": false, "nb_of_kicks": 3, "ballPos": [-5.619967009679039e-06, -1.6045806888090934], "ballPossession": 55.46999999999753}, "36": {"time": 14.799999999999729, "success": false, "nb_of_kicks": 2, "ballPos": [2.2567813624829896, -1.586385643933383], "ballPossession": 3.139999999999977}, "37": {"time": 3.189999999999976, "success": true, "nb_of_kicks": 2, "ballPos": [3.9687145192327855, -1.828532668938981], "ballPossession": 3.1299999999999772}, "38": {"time": 24.970000000001104, "success": false, "nb_of_kicks": 2, "ballPos": [-3.706159921938353, -1.136594305307901], "ballPossession": 3.1599999999999766}, "39": {"time": 91.16000000000973, "success": false, "nb_of_kicks": 4, "ballPos": [-1.66571464285971, -2.7628517899099103], "ballPossession": 63.86999999999586}, "40": {"time": 89.20000000000873, "success": true, "nb_of_kicks": 4, "ballPos": [0.7510951285549509, -0.24234210212194765], "ballPossession": 44.759999999999664}, "41": {"time": 28.640000000001677, "success": false, "nb_of_kicks": 2, "ballPos": [-2.3039203166902604, -2.8233146045554576], "ballPossession": 13.149999999999764}, "42": {"time": 66.82999999999728, "success": false, "nb_of_kicks": 3, "ballPos": [3.5960417668109494, 1.020832934761853], "ballPossession": 54.53999999999772}, "43": {"time": 19.800000000000296, "success": false, "nb_of_kicks": 2, "ballPos": [-1.4911461011625904, 1.0125373527244605], "ballPossession": 16.719999999999814}, "44": {"time": 80.69000000000437, "success": true, "nb_of_kicks": 4, "ballPos": [-0.4946792312897233, -1.7606414291097747], "ballPossession": 48.45999999999893}, "45": {"time": 11.569999999999798, "success": false, "nb_of_kicks": 2, "ballPos": [-0.34525775857872687, -0.6592979407038515], "ballPossession": 8.129999999999871}, "46": {"time": 22.730000000000754, "success": false, "nb_of_kicks": 1, "ballPos": [-3.848161960049864, -0.9804335620866442], "ballPossession": 22.160000000000664}, "47": {"time": 107.02000000001784, "success": true, "nb_of_kicks": 5, "ballPos": [-1.898954110211738, 0.40953922433813056], "ballPossession": 80.31000000000418}, "48": {"time": 43.03000000000001, "success": false, "nb_of_kicks": 2, "ballPos": [-3.969080618596888, -2.8600737146142725], "ballPossession": 7.129999999999892}, "49": {"time": 179.5399999999817, "success": false, "nb_of_kicks": 13, "ballPos": [-4.417692663092745, 2.778409525656172], "ballPossession": 172.43999999998815}, "50": {"time": 90.1300000000092, "success": false,