{"1": {"time": 92.70000000001052, "success": false, "nb_of_kicks": 3, "ballPos": [-2.472970688650639, -2.0729420958057885], "ballPossession": 54.51999999999772}, "2": {"time": 156.41000000000273, "success": true, "nb_of_kicks": 6, "ballPos": [-4.17841443943169, 1.046389967485099], "ballPossession": 37.80000000000105}, "3": {"time": 7.899999999999876, "success": false, "nb_of_kicks": 2, "ballPos": [1.5375511627690788, 0.3997548005790366], "ballPossession": 4.559999999999947}, "4": {"time": 29.010000000001735, "success": false, "nb_of_kicks": 3, "ballPos": [-0.6815196988332536, -2.58080059142564], "ballPossession": 14.389999999999738}, "5": {"time": 125.13000000002711, "success": false, "nb_of_kicks": 12, "ballPos": [1.9677543524854653, 2.4620320991556235], "ballPossession": 120.87000000002493}, "6": {"time": 90.01000000000914, "success": true, "nb_of_kicks": 4, "ballPos": [0.9831008021221845, 0.8529752816043822], "ballPossession": 53.549999999997915}, "7": {"time": 52.1299999999982, "success": false, "nb_of_kicks": 2, "ballPos": [-1.2702688466631415, -0.4910874200658508], "ballPossession": 30.160000000001915}, "8": {"time": 42.17000000000018, "success": false, "nb_of_kicks": 2, "ballPos": [0.6250010481293217, -0.11080134255385166], "ballPossession": 38.10000000000099}, "9": {"time": 57.49999999999713, "success": true, "nb_of_kicks": 4, "ballPos": [-0.45966405609901473, 2.1388638133386286], "ballPossession": 57.49999999999713}, "10": {"time": 82.59000000000535, "success": true, "nb_of_kicks": 4, "ballPos": [-0.794327801378776, 0.6258341062201165], "ballPossession": 54.48999999999773}, "11": {"time": 51.6299999999983, "success": false, "nb_of_kicks": 2, "ballPos": [0.5330782363802751, 2.000434377215013], "ballPossession": 19.340000000000224}, "12": {"time": 3.2099999999999755, "success": true, "nb_of_kicks": 2, "ballPos": [3.467025407871817, -0.4870321970993485], "ballPossession": 3.2099999999999755}, "13": {"time": 37.83000000000104, "success": false, "nb_of_kicks": 2, "ballPos": [-0.7583872934147374, -3.068852583506731], "ballPossession": 11.149999999999807}, "14": {"time": 36.43000000000132, "success": false, "nb_of_kicks": 2, "ballPos": [2.0794399116836453, 2.6296191922312344], "ballPossession": 4.659999999999945}, "15": {"time": 170.33999999999006, "success": false, "nb_of_kicks": 6, "ballPos": [-1.8100785339268533, 2.9575772799084725], "ballPossession": 144.63000000001344}, "16": {"time": 31.380000000002106, "success": false, "nb_of_kicks": 3, "ballPos": [-3.506180891022885, -1.4705478578588513], "ballPossession": 6.979999999999896}, "17": {"time": 84.47000000000631, "success": true, "nb_of_kicks": 3, "ballPos": [3.0437838843404674, 0.43358470809053695], "ballPossession": 84.21000000000618}, "18": {"time": 119.99000000002448, "success": false, "nb_of_kicks": 4, "ballPos": [-1.2411128994881524, 2.783049175352687], "ballPossession": 95.07000000001173}, "19": {"time": 75.2600000000016, "success": true, "nb_of_kicks": 5, "ballPos": [-0.5541679302470075, 0.944586572168113], "ballPossession": 75.2600000000016}, "20": {"time": 28.320000000001627, "success": false, "nb_of_kicks": 2, "ballPos": [1.8940070942558573, -2.530815283187107], "ballPossession": 18.380000000000074}, "21": {"time": 43.299999999999955, "success": false, "nb_of_kicks": 2, "ballPos": [1.9168441981346922, 2.546667775994649], "ballPossession": 4.599999999999946}, "22": {"time": 22.150000000000663, "success": false, "nb_of_kicks": 2, "ballPos": [-3.285451343722269, -1.0279958308130137], "ballPossession": 8.16999999999987}, "23": {"time": 82.41000000000525, "success": true, "nb_of_kicks": 4, "ballPos": [2.051744359955756, -2.4328128493270493], "ballPossession": 82.33000000000521}, "24": {"time": 10.49999999999982, "success": false, "nb_of_kicks": 1, "ballPos": [2.659411171536439, -2.3049876941344776], "ballPossession": 6.709999999999901}, "25": {"time": 39.30000000000075, "success": false, "nb_of_kicks": 2, "ballPos": [-4.29694184938885, -2.208090235411202], "ballPossession": 2.429999999999992}, "26": {"time": 49.829999999998655, "success": false, "nb_of_kicks": 3, "ballPos": [-4.22529042596566, 1.6915038106229903], "ballPossession": 35.060000000001594}, "27": {"time": 6.699999999999902, "success": false, "nb_of_kicks": 1, "ballPos": [-1.9222198790123897, -2.782655988266364], "ballPossession": 2.4199999999999924}, "28": {"time": 370.519999999808, "success": false, "nb_of_kicks": 55, "ballPos": [4.187415693710628, -1.5920052258415416], "ballPossession": 346.9099999998295}, "29": {"time": 113.190000000021, "success": false, "nb_of_kicks": 4, "ballPos": [-3.4868463247548567, 2.925363265784587], "ballPossession": 56.77999999999727}, "30": {"time": 3.9199999999999604, "success": true, "nb_of_kicks": 2, "ballPos": [4.1974818423869955, 0.32140829830432815], "ballPossession": 3.899999999999961}, "31": {"time": 68.98999999999839, "success": false, "nb_of_kicks": 4, "ballPos": [-3.965630502678051, -2.9716577534641466], "ballPossession": 53.38999999999795}, "32": {"time": 9.819999999999835, "success": false, "nb_of_kicks": 2, "ballPos": [0.018431754667489614, -2.5660789312236187], "ballPossession": 3.759999999999964}, "33": {"time": 9.769999999999836, "success": true, "nb_of_kicks": 2, "ballPos": [4.4839590473053565, 2.1545191704454103], "ballPossession": 9.689999999999838}, "34": {"time": 52.539999999998116, "success": false, "nb_of_kicks": 3, "ballPos": [-0.4908372809420467, -0.9009734376872534], "ballPossession": 21.61000000000058}, "35": {"time": 90.34000000000931, "success": true, "nb_of_kicks": 4, "ballPos": [-5.619967009679039e-06, -1.6045806888090934], "ballPossession": 90.34000000000931}, "36": {"time": 16.68999999999981, "success": false, "nb_of_kicks": 2, "ballPos": [2.2567813624829896, -1.586385643933383], "ballPossession": 3.5799999999999677}, "37": {"time": 3.6399999999999664, "success": true, "nb_of_kicks": 2, "ballPos": [3.9687145192327855, -1.828532668938981], "ballPossession": 3.5999999999999672}, "38": {"time": 88.11000000000817, "success": false, "nb_of_kicks": 4, "ballPos": [-3.706159921938353, -1.136594305307901], "ballPossession": 44.759999999999664}, "39": {"time": 56.82999999999726, "success": false, "nb_of_kicks": 3, "ballPos": [-1.66571464285971, -2.7628517899099103], "ballPossession": 49.80999999999866}, "40": {"time": 44.01999999999981, "success": true, "nb_of_kicks": 3, "ballPos": [0.7510951285549509, -0.24234210212194765], "ballPossession": 43.77999999999986}, "41": {"time": 16.139999999999723, "success": false, "nb_of_kicks": 2, "ballPos": [-2.3039203166902604, -2.8233146045554576], "ballPossession": 3.379999999999972}, "42": {"time": 7.789999999999878, "success": true, "nb_of_kicks": 2, "ballPos": [3.5960417668109494, 1.020832934761853], "ballPossession": 7.789999999999878}, "43": {"time": 72.11999999999999, "success": true, "nb_of_kicks": 5, "ballPos": [-1.4911461011625904, 1.0125373527244605], "ballPossession": 39.220000000000766}, "44": {"time": 54.93999999999764, "success": false, "nb_of_kicks": 3, "ballPos": [-0.4946792312897233, -1.7606414291097747], "ballPossession": 33.08000000000199}, "45": {"time": 12.099999999999786, "success": false, "nb_of_kicks": 2, "ballPos": [-0.34525775857872687, -0.6592979407038515], "ballPossession": 3.6699999999999657}, "46": {"time": 47.50999999999912, "success": false, "nb_of_kicks": 2, "ballPos": [-3.848161960049864, -0.9804335620866442], "ballPossession": 11.049999999999809}, "47": {"time": 88.14000000000819, "success": false, "nb_of_kicks": 3, "ballPos": [-1.898954110211738, 0.40953922433813056], "ballPossession": 48.50999999999892}, "48": {"time": 26.81000000000139, "success": false, "nb_of_kicks": 2, "ballPos": [-3.969080618596888, -2.8600737146142725], "ballPossession": 0.24000000000000007}, "49": {"time": 99.01000000001375, "success": false, "nb_of_kicks": 2, "ballPos": [-4.417692663092745, 2.778409525656172], "ballPossession": 78.52000000000326}, "50": {"time": 89.51000000000889, "success": true, "nb_of_kicks": 4,