{"1": {"time": 42.16000000000018, "success": false, "nb_of_kicks": 2, "ballPos": [-2.472970688650639, -2.0729420958057885], "ballPossession": 11.109999999999808}, "2": {"time": 22.560000000000727, "success": false, "nb_of_kicks": 2, "ballPos": [-4.17841443943169, 1.046389967485099], "ballPossession": 4.529999999999948}, "3": {"time": 54.06999999999781, "success": true, "nb_of_kicks": 3, "ballPos": [1.5375511627690788, 0.3997548005790366], "ballPossession": 53.06999999999801}, "4": {"time": 62.089999999996216, "success": false, "nb_of_kicks": 3, "ballPos": [-0.6815196988332536, -2.58080059142564], "ballPossession": 18.440000000000083}, "5": {"time": 28.41000000000164, "success": true, "nb_of_kicks": 3, "ballPos": [1.9677543524854653, 2.4620320991556235], "ballPossession": 28.300000000001624}, "6": {"time": 47.369999999999145, "success": true, "nb_of_kicks": 3, "ballPos": [0.9831008021221845, 0.8529752816043822], "ballPossession": 5.549999999999926}, "7": {"time": 42.790000000000056, "success": false, "nb_of_kicks": 2, "ballPos": [-1.2702688466631415, -0.4910874200658508], "ballPossession": 17.299999999999905}, "8": {"time": 33.490000000001906, "success": false, "nb_of_kicks": 2, "ballPos": [0.6250010481293217, -0.11080134255385166], "ballPossession": 0.36000000000000015}, "9": {"time": 60.50999999999653, "success": false, "nb_of_kicks": 3, "ballPos": [-0.45966405609901473, 2.1388638133386286], "ballPossession": 21.400000000000546}, "10": {"time": 46.609999999999296, "success": true, "nb_of_kicks": 4, "ballPos": [-0.794327801378776, 0.6258341062201165], "ballPossession": 46.5999999999993}, "11": {"time": 31.67000000000215, "success": false, "nb_of_kicks": 2, "ballPos": [0.5330782363802751, 2.000434377215013], "ballPossession": 3.8199999999999625}, "12": {"time": 3.7399999999999642, "success": true, "nb_of_kicks": 2, "ballPos": [3.467025407871817, -0.4870321970993485], "ballPossession": 3.659999999999966}, "13": {"time": 47.119999999999195, "success": false, "nb_of_kicks": 2, "ballPos": [-0.7583872934147374, -3.068852583506731], "ballPossession": 22.150000000000663}, "14": {"time": 47.82999999999905, "success": true, "nb_of_kicks": 3, "ballPos": [2.0794399116836453, 2.6296191922312344], "ballPossession": 6.919999999999897}, "15": {"time": 51.00999999999842, "success": false, "nb_of_kicks": 3, "ballPos": [-1.8100785339268533, 2.9575772799084725], "ballPossession": 31.91000000000219}, "16": {"time": 25.870000000001244, "success": false, "nb_of_kicks": 2, "ballPos": [-3.506180891022885, -1.4705478578588513], "ballPossession": 7.019999999999895}, "17": {"time": 16.55999999999979, "success": true, "nb_of_kicks": 2, "ballPos": [3.0437838843404674, 0.43358470809053695], "ballPossession": 16.49999999999978}, "18": {"time": 54.26999999999777, "success": false, "nb_of_kicks": 2, "ballPos": [-1.2411128994881524, 2.783049175352687], "ballPossession": 17.859999999999992}, "19": {"time": 61.20999999999639, "success": true, "nb_of_kicks": 4, "ballPos": [-0.5541679302470075, 0.944586572168113], "ballPossession": 61.20999999999639}, "20": {"time": 39.96000000000062, "success": false, "nb_of_kicks": 2, "ballPos": [1.8940070942558573, -2.530815283187107], "ballPossession": 17.869999999999994}, "21": {"time": 46.569999999999304, "success": false, "nb_of_kicks": 2, "ballPos": [1.9168441981346922, 2.546667775994649], "ballPossession": 5.959999999999917}, "22": {"time": 28.810000000001704, "success": false, "nb_of_kicks": 2, "ballPos": [-3.285451343722269, -1.0279958308130137], "ballPossession": 13.979999999999746}, "23": {"time": 47.15999999999919, "success": true, "nb_of_kicks": 3, "ballPos": [2.051744359955756, -2.4328128493270493], "ballPossession": 47.03999999999921}, "24": {"time": 12.86999999999977, "success": false, "nb_of_kicks": 1, "ballPos": [2.659411171536439, -2.3049876941344776], "ballPossession": 12.86999999999977}, "25": {"time": 37.120000000001184, "success": false, "nb_of_kicks": 2, "ballPos": [-4.29694184938885, -2.208090235411202], "ballPossession": 6.579999999999904}, "26": {"time": 54.07999999999781, "success": false, "nb_of_kicks": 2, "ballPos": [-4.22529042596566, 1.6915038106229903], "ballPossession": 46.73999999999927}, "27": {"time": 150.41000000000818, "success": false, "nb_of_kicks": 4, "ballPos": [-1.9222198790123897, -2.782655988266364], "ballPossession": 49.29999999999876}, "28": {"time": 20.050000000000335, "success": true, "nb_of_kicks": 2, "ballPos": [4.187415693710628, -1.5920052258415416], "ballPossession": 20.01000000000033}, "29": {"time": 148.7400000000097, "success": false, "nb_of_kicks": 5, "ballPos": [-3.4868463247548567, 2.925363265784587], "ballPossession": 62.82999999999607}, "30": {"time": 5.919999999999918, "success": true, "nb_of_kicks": 2, "ballPos": [4.1974818423869955, 0.32140829830432815], "ballPossession": 5.8599999999999195}, "31": {"time": 68.89999999999834, "success": false, "nb_of_kicks": 3, "ballPos": [-3.965630502678051, -2.9716577534641466], "ballPossession": 45.86999999999944}, "32": {"time": 31.21000000000208, "success": false, "nb_of_kicks": 2, "ballPos": [0.018431754667489614, -2.5660789312236187], "ballPossession": 30.810000000002017}, "33": {"time": 82.62000000000536, "success": false, "nb_of_kicks": 1, "ballPos": [4.4839590473053565, 2.1545191704454103], "ballPossession": 68.95999999999837}, "34": {"time": 63.28999999999598, "success": true, "nb_of_kicks": 4, "ballPos": [-0.4908372809420467, -0.9009734376872534], "ballPossession": 22.33000000000069}, "35": {"time": 45.39999999999954, "success": true, "nb_of_kicks": 4, "ballPos": [-5.619967009679039e-06, -1.6045806888090934], "ballPossession": 44.23999999999977}, "36": {"time": 41.0500000000004, "success": false, "nb_of_kicks": 2, "ballPos": [2.2567813624829896, -1.586385643933383], "ballPossession": 5.429999999999929}, "37": {"time": 3.2599999999999745, "success": true, "nb_of_kicks": 2, "ballPos": [3.9687145192327855, -1.828532668938981], "ballPossession": 3.1299999999999772}, "38": {"time": 33.240000000001956, "success": false, "nb_of_kicks": 2, "ballPos": [-3.706159921938353, -1.136594305307901], "ballPossession": 2.9199999999999817}, "39": {"time": 99.76000000001413, "success": false, "nb_of_kicks": 4, "ballPos": [-1.66571464285971, -2.7628517899099103], "ballPossession": 60.61999999999651}, "40": {"time": 44.82999999999965, "success": false, "nb_of_kicks": 2, "ballPos": [0.7510951285549509, -0.24234210212194765], "ballPossession": 3.509999999999969}, "41": {"time": 29.68000000000184, "success": false, "nb_of_kicks": 2, "ballPos": [-2.3039203166902604, -2.8233146045554576], "ballPossession": 4.489999999999949}, "42": {"time": 6.879999999999898, "success": true, "nb_of_kicks": 2, "ballPos": [3.5960417668109494, 1.020832934761853], "ballPossession": 6.879999999999898}, "43": {"time": 61.689999999996296, "success": false, "nb_of_kicks": 3, "ballPos": [-1.4911461011625904, 1.0125373527244605], "ballPossession": 24.840000000001083}, "44": {"time": 84.31000000000623, "success": true, "nb_of_kicks": 4, "ballPos": [-0.4946792312897233, -1.7606414291097747], "ballPossession": 41.180000000000376}, "45": {"time": 56.95999999999724, "success": true, "nb_of_kicks": 4, "ballPos": [-0.34525775857872687, -0.6592979407038515], "ballPossession": 56.459999999997336}, "46": {"time": 76.37000000000216, "success": false, "nb_of_kicks": 3, "ballPos": [-3.848161960049864, -0.9804335620866442], "ballPossession": 40.840000000000444}, "47": {"time": 39.030000000000804, "success": false, "nb_of_kicks": 2, "ballPos": [-1.898954110211738, 0.40953922433813056], "ballPossession": 10.379999999999823}, "48": {"time": 22.51000000000072, "success": false, "nb_of_kicks": 2, "ballPos": [-3.969080618596888, -2.8600737146142725], "ballPossession": 3.699999999999965}, "49": {"time": 82.46000000000528, "success": false, "nb_of_kicks": 3, "ballPos": [-4.417692663092745, 2.778409525656172], "ballPossession": 61.1599999999964}, "50": {"time": 83.62000000000587, "success": true, "nb_of_kicks": 4,