{"1": {"time": 8.058547973632812e-05, "success": false, "nb_of_kicks": 0, "ballPos": [-2.275215616093142, 2.579388711718871], "ballPossession": 0}, "2": {"time": 59.17465543746948, "success": false, "nb_of_kicks": 4, "ballPos": [-3.9665441039054805, -2.5122874165212727], "ballPossession": 53.172884464263916}, "3": {"time": 104.47515487670898, "success": true, "nb_of_kicks": 5, "ballPos": [-2.9726571049221704, -2.378945294789589], "ballPossession": 60.4931435585022}, "4": {"time": 39.65082812309265, "success": false, "nb_of_kicks": 3, "ballPos": [-0.4169844592621866, -0.19306818118255525], "ballPossession": 39.61207103729248}, "5": {"time": 91.11295247077942, "success": false, "nb_of_kicks": 4, "ballPos": [-2.4686204954432904, 1.5994219610508944], "ballPossession": 45.63366198539734}, "6": {"time": 27.432021141052246, "success": false, "nb_of_kicks": 2, "ballPos": [-3.039671788722418, -0.7805328072099539], "ballPossession": 3.551532506942749}, "7": {"time": 23.92967987060547, "success": false, "nb_of_kicks": 2, "ballPos": [-1.5933574505850057, 2.156486733801759], "ballPossession": 4.316426515579224}, "8": {"time": 36.67992877960205, "success": false, "nb_of_kicks": 2, "ballPos": [-1.2041820537119943, 2.1786507978578857], "ballPossession": 36.67992877960205}, "9": {"time": 62.05485272407532, "success": false, "nb_of_kicks": 2, "ballPos": [-3.8803387958951308, 2.660142937514167], "ballPossession": 6.352414608001709}, "10": {"time": 58.12893748283386, "success": false, "nb_of_kicks": 3, "ballPos": [-1.7542010305730047, 1.0909090958668348], "ballPossession": 15.419918775558472}, "11": {"time": 88.67193341255188, "success": true, "nb_of_kicks": 4, "ballPos": [-0.9337330023580326, -0.16254995680015882], "ballPossession": 39.75549077987671}, "12": {"time": 57.77054286003113, "success": true, "nb_of_kicks": 4, "ballPos": [-0.69209196242698, -0.6542149597813189], "ballPossession": 13.699793338775635}, "13": {"time": 0.057798147201538086, "success": false, "nb_of_kicks": 0, "ballPos": [-2.6853244762736783, -2.9428556956916676], "ballPossession": 0}, "14": {"time": 35.998573780059814, "success": false, "nb_of_kicks": 2, "ballPos": [-2.5540343578144733, -2.6738177707904045], "ballPossession": 32.99368190765381}, "15": {"time": 67.46302795410156, "success": false, "nb_of_kicks": 4, "ballPos": [-3.23445711087047, -0.9031793787265813], "ballPossession": 44.14540195465088}, "16": {"time": 93.56829261779785, "success": true, "nb_of_kicks": 5, "ballPos": [-3.53746173435687, -2.20288097631721], "ballPossession": 49.749873876571655}, "17": {"time": 48.746464252471924, "success": false, "nb_of_kicks": 2, "ballPos": [-3.4875765831144907, -1.0198489482780653], "ballPossession": 6.153600215911865}, "18": {"time": 84.1918773651123, "success": true, "nb_of_kicks": 4, "ballPos": [-0.8420623247960517, -0.16978594057851012], "ballPossession": 40.24222803115845}, "19": {"time": 15.10979175567627, "success": false, "nb_of_kicks": 2, "ballPos": [-2.0659186150769897, -0.5140403880232441], "ballPossession": 10.39054274559021}, "20": {"time": 52.09945821762085, "success": false, "nb_of_kicks": 2, "ballPos": [-2.2915281516117325, 0.48560586974434916], "ballPossession": 6.392868995666504}, "21": {"time": 25.34956955909729, "success": false, "nb_of_kicks": 3, "ballPos": [-1.8279066743086743, 0.8500653787402639], "ballPossession": 5.980316400527954}, "22": {"time": 44.88758707046509, "success": false, "nb_of_kicks": 2, "ballPos": [-2.9405127852763195, -2.3561680510842233], "ballPossession": 4.6233155727386475}, "23": {"time": 48.702258348464966, "success": false, "nb_of_kicks": 3, "ballPos": [-1.892575749987786, 1.4949426671852486], "ballPossession": 14.05535626411438}, "24": {"time": 21.34394598007202, "success": false, "nb_of_kicks": 2, "ballPos": [-1.3572190860269022, -0.37661306898272917], "ballPossession": 5.00081205368042}, "25": {"time": 31.364412784576416, "success": false, "nb_of_kicks": 2, "ballPos": [-3.6188566286640413, -2.830052390282204], "ballPossession": 4.306714296340942}, "26": {"time": 37.32091236114502, "success": false, "nb_of_kicks": 2, "ballPos": [-2.695985539712986, 0.020483469628100708], "ballPossession": 36.71300411224365}, "27": {"time": 64.0598394870758, "success": false, "nb_of_kicks": 2, "ballPos": [-3.049417424732028, 0.45225374713340255], "ballPossession": 25.177751064300537}, "28": {"time": 93.8309679031372, "success": false, "nb_of_kicks": 4, "ballPos": [-3.1240350515630846, 1.5684420180916232], "ballPossession": 50.55050325393677}, "29": {"time": 13.270657777786255, "success": false, "nb_of_kicks": 2, "ballPos": [-1.9682140899169394, -1.0144410442665877], "ballPossession": 3.729466676712036}, "30": {"time": 38.22481083869934, "success": false, "nb_of_kicks": 2, "ballPos": [-2.3410854761586477, -0.5514496740243157], "ballPossession": 4.413182258605957}, "31": {"time": 110.84191584587097, "success": false, "nb_of_kicks": 4, "ballPos": [-4.096442249936008, 1.627136754486916], "ballPossession": 30.126418352127075}, "32": {"time": 28.519951581954956, "success": false, "nb_of_kicks": 2, "ballPos": [0.0837504217662084, 2.2413328515738358], "ballPossession": 3.4090445041656494}, "33": {"time": 34.47747182846069, "success": false, "nb_of_kicks": 2, "ballPos": [-1.8164183268082996, 1.3913418726450608], "ballPossession": 33.771490812301636}, "34": {"time": 21.801228046417236, "success": false, "nb_of_kicks": 2, "ballPos": [-3.0745083857224946, -0.1334039739914156], "ballPossession": 6.947905778884888}, "35": {"time": 0.03392148017883301, "success": false, "nb_of_kicks": 0, "ballPos": [-0.23803752887253593, -1.006339939225852], "ballPossession": 0}, "36": {"time": 17.463655948638916, "success": false, "nb_of_kicks": 3, "ballPos": [-1.7588175028533959, -2.790974665062529], "ballPossession": 7.994777679443359}, "37": {"time": 63.048643350601196, "success": false, "nb_of_kicks": 3, "ballPos": [-3.4162043383390652, 0.7825851876360134], "ballPossession": 32.33094048500061}, "38": {"time": 41.842702865600586, "success": false, "nb_of_kicks": 3, "ballPos": [-0.0356248380642156, 2.5984820999917626], "ballPossession": 36.90518045425415}, "39": {"time": 0.08642411231994629, "success": false, "nb_of_kicks": 0, "ballPos": [-1.9628051216729112, -1.874369319493395], "ballPossession": 0}, "40": {"time": 95.27650451660156, "success": false, "nb_of_kicks": 3, "ballPos": [-3.0214806881664136, -1.8460953068220405], "ballPossession": 26.514609336853027}, "41": {"time": 16.4824538230896, "success": false, "nb_of_kicks": 2, "ballPos": [-0.9083013513464572, 0.7277655053057991], "ballPossession": 3.985522985458374}, "42": {"time": 71.56144881248474, "success": false, "nb_of_kicks": 4, "ballPos": [-3.0736847572528707, -0.8559718490514671], "ballPossession": 65.86660075187683}, "43": {"time": 46.71111702919006, "success": false, "nb_of_kicks": 2, "ballPos": [-3.6147457532050455, -0.8508423608226452], "ballPossession": 7.76549506187439}, "44": {"time": 48.989075660705566, "success": false, "nb_of_kicks": 2, "ballPos": [-0.53838296374406, 2.2130367401810678], "ballPossession": 7.831415176391602}, "45": {"time": 60.65988755226135, "success": false, "nb_of_kicks": 2, "ballPos": [-1.622374503650798, -2.0195289502335236], "ballPossession": 50.3426878452301}, "46": {"time": 74.80517435073853, "success": false, "nb_of_kicks": 5, "ballPos": [-2.5252057701286446, 1.5278869296373274], "ballPossession": 54.8507616519928}, "47": {"time": 22.563050508499146, "success": false, "nb_of_kicks": 2, "ballPos": [-0.3267260369255778, -0.16449553815683185], "ballPossession": 4.165308237075806}, "48": {"time": 63.075878381729126, "success": false, "nb_of_kicks": 3, "ballPos": [-0.9117413499918718, 1.5952871982941157], "ballPossession": 9.368530035018921}, "49": {"time": 58.15236234664917, "success": false, "nb_of_kicks": 3, "ballPos": [-1.6085219538270081, -1.1255981052170552], "ballPossession": 15.078846454620361}, "50": {"time": 34.638763189315796, "success": false, "nb_of_kicks": 2,