{"1": {"time": 36.34630823135376, "success": false, "nb_of_kicks": 2, "ballPos": [-2.472970688650639, -2.0729420958057885], "ballPossession": 9.003771781921387}, "2": {"time": 63.75893783569336, "success": true, "nb_of_kicks": 4, "ballPos": [-4.17841443943169, 1.046389967485099], "ballPossession": 63.75893783569336}, "3": {"time": 50.67763590812683, "success": false, "nb_of_kicks": 1, "ballPos": [1.5375511627690788, 0.3997548005790366], "ballPossession": 46.23108100891113}, "4": {"time": 24.785140991210938, "success": false, "nb_of_kicks": 2, "ballPos": [-0.6815196988332536, -2.58080059142564], "ballPossession": 5.763326168060303}, "5": {"time": 39.75733160972595, "success": false, "nb_of_kicks": 2, "ballPos": [1.9677543524854653, 2.4620320991556235], "ballPossession": 12.739603757858276}, "6": {"time": 9.085536241531372, "success": true, "nb_of_kicks": 2, "ballPos": [0.9831008021221845, 0.8529752816043822], "ballPossession": 9.085536241531372}, "7": {"time": 36.02415323257446, "success": false, "nb_of_kicks": 2, "ballPos": [-1.2702688466631415, -0.4910874200658508], "ballPossession": 16.408504247665405}, "8": {"time": 6.737107276916504, "success": true, "nb_of_kicks": 2, "ballPos": [0.6250010481293217, -0.11080134255385166], "ballPossession": 6.7185282707214355}, "9": {"time": 53.271668434143066, "success": false, "nb_of_kicks": 2, "ballPos": [-0.45966405609901473, 2.1388638133386286], "ballPossession": 4.493703126907349}, "10": {"time": 145.37491822242737, "success": false, "nb_of_kicks": 6, "ballPos": [-0.794327801378776, 0.6258341062201165], "ballPossession": 116.41926431655884}, "11": {"time": 23.58843493461609, "success": true, "nb_of_kicks": 3, "ballPos": [0.5330782363802751, 2.000434377215013], "ballPossession": 23.046650409698486}, "12": {"time": 6.7718517780303955, "success": true, "nb_of_kicks": 2, "ballPos": [3.467025407871817, -0.4870321970993485], "ballPossession": 6.749110460281372}, "13": {"time": 99.73765230178833, "success": false, "nb_of_kicks": 3, "ballPos": [-0.7583872934147374, -3.068852583506731], "ballPossession": 30.4582462310791}, "14": {"time": 109.96466875076294, "success": false, "nb_of_kicks": 14, "ballPos": [2.0794399116836453, 2.6296191922312344], "ballPossession": 92.16524481773376}, "15": {"time": 67.44179558753967, "success": false, "nb_of_kicks": 2, "ballPos": [-1.8100785339268533, 2.9575772799084725], "ballPossession": 2.2923128604888916}, "16": {"time": 36.12339448928833, "success": false, "nb_of_kicks": 2, "ballPos": [-3.506180891022885, -1.4705478578588513], "ballPossession": 9.988845109939575}, "17": {"time": 525.6059985160828, "success": false, "nb_of_kicks": 73, "ballPos": [3.0437838843404674, 0.43358470809053695], "ballPossession": 497.1185953617096}, "18": {"time": 25.157638788223267, "success": false, "nb_of_kicks": 2, "ballPos": [-1.2411128994881524, 2.783049175352687], "ballPossession": 19.46465253829956}, "19": {"time": 26.43278455734253, "success": true, "nb_of_kicks": 3, "ballPos": [-0.5541679302470075, 0.944586572168113], "ballPossession": 26.43278455734253}, "20": {"time": 30.651442050933838, "success": true, "nb_of_kicks": 4, "ballPos": [1.8940070942558573, -2.530815283187107], "ballPossession": 30.616512298583984}, "21": {"time": 28.396764278411865, "success": false, "nb_of_kicks": 2, "ballPos": [1.9168441981346922, 2.546667775994649], "ballPossession": 4.643444538116455}, "22": {"time": 102.95693922042847, "success": false, "nb_of_kicks": 5, "ballPos": [-3.285451343722269, -1.0279958308130137], "ballPossession": 92.00112295150757}, "23": {"time": 34.65220022201538, "success": true, "nb_of_kicks": 3, "ballPos": [2.051744359955756, -2.4328128493270493], "ballPossession": 34.64189529418945}, "24": {"time": 10.690293788909912, "success": false, "nb_of_kicks": 1, "ballPos": [2.659411171536439, -2.3049876941344776], "ballPossession": 10.681637525558472}, "25": {"time": 52.50523543357849, "success": false, "nb_of_kicks": 2, "ballPos": [-4.29694184938885, -2.208090235411202], "ballPossession": 8.229296207427979}, "26": {"time": 59.528520584106445, "success": false, "nb_of_kicks": 2, "ballPos": [-4.22529042596566, 1.6915038106229903], "ballPossession": 18.489647388458252}, "27": {"time": 7.47302770614624, "success": false, "nb_of_kicks": 1, "ballPos": [-1.9222198790123897, -2.782655988266364], "ballPossession": 3.830554485321045}, "28": {"time": 31.70049524307251, "success": true, "nb_of_kicks": 2, "ballPos": [4.187415693710628, -1.5920052258415416], "ballPossession": 31.676045656204224}, "29": {"time": 49.5925567150116, "success": false, "nb_of_kicks": 2, "ballPos": [-3.4868463247548567, 2.925363265784587], "ballPossession": 48.353386640548706}, "30": {"time": 3.952376127243042, "success": true, "nb_of_kicks": 2, "ballPos": [4.1974818423869955, 0.32140829830432815], "ballPossession": 3.925389528274536}, "31": {"time": 76.54331803321838, "success": false, "nb_of_kicks": 3, "ballPos": [-3.965630502678051, -2.9716577534641466], "ballPossession": 27.4885311126709}, "32": {"time": 44.14558744430542, "success": false, "nb_of_kicks": 2, "ballPos": [0.018431754667489614, -2.5660789312236187], "ballPossession": 3.7212188243865967}, "33": {"time": 29.128570795059204, "success": true, "nb_of_kicks": 3, "ballPos": [4.4839590473053565, 2.1545191704454103], "ballPossession": 29.128570795059204}, "34": {"time": 38.31509566307068, "success": true, "nb_of_kicks": 3, "ballPos": [-0.4908372809420467, -0.9009734376872534], "ballPossession": 38.31509566307068}, "35": {"time": 21.525739431381226, "success": true, "nb_of_kicks": 3, "ballPos": [-5.619967009679039e-06, -1.6045806888090934], "ballPossession": 21.525739431381226}, "36": {"time": 3.330906867980957, "success": true, "nb_of_kicks": 2, "ballPos": [2.2567813624829896, -1.586385643933383], "ballPossession": 3.330906867980957}, "37": {"time": 7.783461570739746, "success": true, "nb_of_kicks": 2, "ballPos": [3.9687145192327855, -1.828532668938981], "ballPossession": 7.76909875869751}, "38": {"time": 58.421143770217896, "success": false, "nb_of_kicks": 2, "ballPos": [-3.706159921938353, -1.136594305307901], "ballPossession": 42.03110122680664}, "39": {"time": 68.6087007522583, "success": false, "nb_of_kicks": 7, "ballPos": [-1.66571464285971, -2.7628517899099103], "ballPossession": 63.62158727645874}, "40": {"time": 4.502253293991089, "success": true, "nb_of_kicks": 2, "ballPos": [0.7510951285549509, -0.24234210212194765], "ballPossession": 4.479773998260498}, "41": {"time": 63.010842084884644, "success": false, "nb_of_kicks": 2, "ballPos": [-2.3039203166902604, -2.8233146045554576], "ballPossession": 4.758960247039795}, "42": {"time": 13.823311567306519, "success": true, "nb_of_kicks": 2, "ballPos": [3.5960417668109494, 1.020832934761853], "ballPossession": 13.823311567306519}, "43": {"time": 5.612284183502197, "success": false, "nb_of_kicks": 1, "ballPos": [-1.4911461011625904, 1.0125373527244605], "ballPossession": 5.603308439254761}, "44": {"time": 49.493751525878906, "success": false, "nb_of_kicks": 2, "ballPos": [-0.4946792312897233, -1.7606414291097747], "ballPossession": 7.484281301498413}, "45": {"time": 130.35325169563293, "success": true, "nb_of_kicks": 17, "ballPos": [-0.34525775857872687, -0.6592979407038515], "ballPossession": 130.35325169563293}, "46": {"time": 93.51450419425964, "success": false, "nb_of_kicks": 3, "ballPos": [-3.848161960049864, -0.9804335620866442], "ballPossession": 42.07577681541443}, "47": {"time": 49.58805298805237, "success": false, "nb_of_kicks": 2, "ballPos": [-1.898954110211738, 0.40953922433813056], "ballPossession": 11.636885404586792}, "48": {"time": 23.44311261177063, "success": false, "nb_of_kicks": 2, "ballPos": [-3.969080618596888, -2.8600737146142725], "ballPossession": 1.9000627994537354}, "49": {"time": 124.20337748527527, "success": false, "nb_of_kicks": 5, "ballPos": [-4.417692663092745, 2.778409525656172], "ballPossession": 115.25461959838867}, "50": {"time": 34.14676833152771, "success": true, "nb_of_kicks": 3,