{"1": {"time": 9.34600830078125e-05, "success": false, "nb_of_kicks": 0, "ballPos": [-2.275215616093142, 2.579388711718871], "ballPossession": 0}, "2": {"time": 65.75310111045837, "success": false, "nb_of_kicks": 4, "ballPos": [-3.9665441039054805, -2.5122874165212727], "ballPossession": 55.7992377281189}, "3": {"time": 102.54367899894714, "success": true, "nb_of_kicks": 5, "ballPos": [-2.9726571049221704, -2.378945294789589], "ballPossession": 58.62081575393677}, "4": {"time": 46.91913986206055, "success": false, "nb_of_kicks": 3, "ballPos": [-0.4169844592621866, -0.19306818118255525], "ballPossession": 35.58315849304199}, "5": {"time": 53.3760027885437, "success": false, "nb_of_kicks": 4, "ballPos": [-2.4686204954432904, 1.5994219610508944], "ballPossession": 43.193138122558594}, "6": {"time": 28.94132113456726, "success": false, "nb_of_kicks": 2, "ballPos": [-3.039671788722418, -0.7805328072099539], "ballPossession": 5.62825870513916}, "7": {"time": 34.03445219993591, "success": false, "nb_of_kicks": 2, "ballPos": [-1.5933574505850057, 2.156486733801759], "ballPossession": 4.314187049865723}, "8": {"time": 36.36129951477051, "success": false, "nb_of_kicks": 2, "ballPos": [-1.2041820537119943, 2.1786507978578857], "ballPossession": 36.24993371963501}, "9": {"time": 0.03442573547363281, "success": false, "nb_of_kicks": 0, "ballPos": [-3.8803387958951308, 2.660142937514167], "ballPossession": 0}, "10": {"time": 48.166388511657715, "success": false, "nb_of_kicks": 3, "ballPos": [-1.7542010305730047, 1.0909090958668348], "ballPossession": 12.18508529663086}, "11": {"time": 6.700144052505493, "success": false, "nb_of_kicks": 1, "ballPos": [-0.9337330023580326, -0.16254995680015882], "ballPossession": 1.723376989364624}, "12": {"time": 24.3786199092865, "success": false, "nb_of_kicks": 3, "ballPos": [-0.69209196242698, -0.6542149597813189], "ballPossession": 22.090856552124023}, "13": {"time": 37.05597162246704, "success": false, "nb_of_kicks": 2, "ballPos": [-2.6853244762736783, -2.9428556956916676], "ballPossession": 17.33317995071411}, "14": {"time": 70.13617849349976, "success": false, "nb_of_kicks": 4, "ballPos": [-2.5540343578144733, -2.6738177707904045], "ballPossession": 62.50812602043152}, "15": {"time": 57.428760290145874, "success": false, "nb_of_kicks": 3, "ballPos": [-3.23445711087047, -0.9031793787265813], "ballPossession": 48.36477255821228}, "16": {"time": 92.8540153503418, "success": false, "nb_of_kicks": 4, "ballPos": [-3.53746173435687, -2.20288097631721], "ballPossession": 49.361764907836914}, "17": {"time": 109.16024279594421, "success": false, "nb_of_kicks": 4, "ballPos": [-3.4875765831144907, -1.0198489482780653], "ballPossession": 52.23583388328552}, "18": {"time": 35.23033356666565, "success": false, "nb_of_kicks": 3, "ballPos": [-0.8420623247960517, -0.16978594057851012], "ballPossession": 28.56955313682556}, "19": {"time": 14.751612186431885, "success": false, "nb_of_kicks": 2, "ballPos": [-2.0659186150769897, -0.5140403880232441], "ballPossession": 3.4703285694122314}, "20": {"time": 44.992576360702515, "success": false, "nb_of_kicks": 2, "ballPos": [-2.2915281516117325, 0.48560586974434916], "ballPossession": 4.316730976104736}, "21": {"time": 74.50114369392395, "success": false, "nb_of_kicks": 3, "ballPos": [-1.8279066743086743, 0.8500653787402639], "ballPossession": 18.067991971969604}, "22": {"time": 22.170704126358032, "success": false, "nb_of_kicks": 2, "ballPos": [-2.9405127852763195, -2.3561680510842233], "ballPossession": 8.031908750534058}, "23": {"time": 49.45521020889282, "success": false, "nb_of_kicks": 3, "ballPos": [-1.892575749987786, 1.4949426671852486], "ballPossession": 13.132949590682983}, "24": {"time": 21.457440853118896, "success": false, "nb_of_kicks": 2, "ballPos": [-1.3572190860269022, -0.37661306898272917], "ballPossession": 5.12069296836853}, "25": {"time": 42.09329605102539, "success": false, "nb_of_kicks": 2, "ballPos": [-3.6188566286640413, -2.830052390282204], "ballPossession": 6.825839996337891}, "26": {"time": 71.22483611106873, "success": true, "nb_of_kicks": 5, "ballPos": [-2.695985539712986, 0.020483469628100708], "ballPossession": 26.68160653114319}, "27": {"time": 63.59943127632141, "success": false, "nb_of_kicks": 2, "ballPos": [-3.049417424732028, 0.45225374713340255], "ballPossession": 40.811598777770996}, "28": {"time": 92.95551013946533, "success": true, "nb_of_kicks": 5, "ballPos": [-3.1240350515630846, 1.5684420180916232], "ballPossession": 49.55203938484192}, "29": {"time": 15.321441411972046, "success": false, "nb_of_kicks": 2, "ballPos": [-1.9682140899169394, -1.0144410442665877], "ballPossession": 3.7291698455810547}, "30": {"time": 34.72565841674805, "success": false, "nb_of_kicks": 2, "ballPos": [-2.3410854761586477, -0.5514496740243157], "ballPossession": 4.669326543807983}, "31": {"time": 95.40527319908142, "success": false, "nb_of_kicks": 4, "ballPos": [-4.096442249936008, 1.627136754486916], "ballPossession": 58.40560579299927}, "32": {"time": 35.585668087005615, "success": false, "nb_of_kicks": 2, "ballPos": [0.0837504217662084, 2.2413328515738358], "ballPossession": 3.40800404548645}, "33": {"time": 112.04836654663086, "success": false, "nb_of_kicks": 4, "ballPos": [-1.8164183268082996, 1.3913418726450608], "ballPossession": 59.65918326377869}, "34": {"time": 4.111401081085205, "success": false, "nb_of_kicks": 1, "ballPos": [-3.0745083857224946, -0.1334039739914156], "ballPossession": 4.086229085922241}, "35": {"time": 0.1104438304901123, "success": false, "nb_of_kicks": 0, "ballPos": [-0.23803752887253593, -1.006339939225852], "ballPossession": 0.1104438304901123}, "36": {"time": 22.46338987350464, "success": false, "nb_of_kicks": 3, "ballPos": [-1.7588175028533959, -2.790974665062529], "ballPossession": 15.567243576049805}, "37": {"time": 33.98380637168884, "success": false, "nb_of_kicks": 2, "ballPos": [-3.4162043383390652, 0.7825851876360134], "ballPossession": 8.046223163604736}, "38": {"time": 28.399507761001587, "success": false, "nb_of_kicks": 3, "ballPos": [-0.0356248380642156, 2.5984820999917626], "ballPossession": 22.937214612960815}, "39": {"time": 3.9167752265930176, "success": false, "nb_of_kicks": 1, "ballPos": [-1.9628051216729112, -1.874369319493395], "ballPossession": 3.8940651416778564}, "40": {"time": 81.90992522239685, "success": false, "nb_of_kicks": 3, "ballPos": [-3.0214806881664136, -1.8460953068220405], "ballPossession": 54.21113467216492}, "41": {"time": 13.869563341140747, "success": false, "nb_of_kicks": 2, "ballPos": [-0.9083013513464572, 0.7277655053057991], "ballPossession": 13.793703556060791}, "42": {"time": 0.018631696701049805, "success": false, "nb_of_kicks": 0, "ballPos": [-3.0736847572528707, -0.8559718490514671], "ballPossession": 0}, "43": {"time": 95.99341201782227, "success": false, "nb_of_kicks": 3, "ballPos": [-3.6147457532050455, -0.8508423608226452], "ballPossession": 47.709508180618286}, "44": {"time": 0.018770217895507812, "success": false, "nb_of_kicks": 0, "ballPos": [-0.53838296374406, 2.2130367401810678], "ballPossession": 0}, "45": {"time": 0.04953503608703613, "success": false, "nb_of_kicks": 0, "ballPos": [-1.622374503650798, -2.0195289502335236], "ballPossession": 0}, "46": {"time": 37.30875515937805, "success": false, "nb_of_kicks": 3, "ballPos": [-2.5252057701286446, 1.5278869296373274], "ballPossession": 35.95283341407776}, "47": {"time": 21.20517659187317, "success": false, "nb_of_kicks": 2, "ballPos": [-0.3267260369255778, -0.16449553815683185], "ballPossession": 3.4237425327301025}, "48": {"time": 4.751709938049316, "success": false, "nb_of_kicks": 1, "ballPos": [-0.9117413499918718, 1.5952871982941157], "ballPossession": 4.718849182128906}, "49": {"time": 54.977842807769775, "success": true, "nb_of_kicks": 4, "ballPos": [-1.6085219538270081, -1.1255981052170552], "ballPossession": 15.249571323394775}, "50": {"time": 44.02306318283081, "success": false, "nb_of_kicks": 2,